0.00066667,0.25125,0.0015128,0.25024,0.0024118,0.2503,0.0032156,0.25033,0.0036804,0.25034,0.0039917,0.25035,0.0041921,0.25035,0.0043217,0.25036,0.0044053,0.25036,0.004459,0.25036,0.0044936,0.25036
0.002,0.25375,0.0045383,0.25068,0.0072353,0.25083,0.0096469,0.25092,0.011041,0.25095,0.011975,0.25096,0.012576,0.25097,0.012965,0.25098,0.013216,0.25099,0.013377,0.25099,0.013481,0.251
0.0033333,0.25625,0.0075638,0.25107,0.012059,0.25129,0.016078,0.25142,0.018402,0.25146,0.019959,0.25149,0.02096,0.2515,0.021609,0.25151,0.022026,0.25152,0.022295,0.25153,0.022468,0.25154
0.0046667,0.25875,0.010589,0.2514,0.016882,0.25169,0.02251,0.25185,0.025763,0.25191,0.027942,0.25194,0.029345,0.25196,0.030252,0.25198,0.030837,0.25199,0.031213,0.25201,0.031455,0.25202
0.006,0.26125,0.013615,0.2517,0.021706,0.25204,0.028941,0.25225,0.033123,0.25233,0.035926,0.25237,0.037729,0.2524,0.038895,0.25242,0.039647,0.25243,0.040131,0.25244,0.040442,0.25246
0.0073333,0.26375,0.01664,0.25196,0.026529,0.25238,0.035372,0.25265,0.040484,0.25275,0.043909,0.25281,0.046113,0.25284,0.047539,0.25286,0.048458,0.25288,0.049049,0.25289,0.04943,0.25291
0.0086667,0.26625,0.019666,0.2522,0.031353,0.25273,0.041803,0.25309,0.047845,0.25322,0.051893,0.25329,0.054497,0.25333,0.056182,0.25335,0.057268,0.25337,0.057967,0.25338,0.058417,0.2534
0.01,0.26875,0.022692,0.25244,0.036177,0.25312,0.048235,0.25359,0.055205,0.25376,0.059876,0.25384,0.062881,0.25388,0.064826,0.25391,0.066079,0.25393,0.066885,0.25394,0.067404,0.25395
0.011333,0.27125,0.025717,0.2527,0.041,0.25356,0.054666,0.25416,0.062566,0.25437,0.06786,0.25447,0.071265,0.25452,0.073469,0.25454,0.074889,0.25456,0.075803,0.25458,0.076391,0.25458
0.012667,0.27375,0.028743,0.25298,0.045824,0.25407,0.061097,0.25481,0.069927,0.25505,0.075843,0.25517,0.079649,0.25522,0.082113,0.25525,0.0837,0.25527,0.084721,0.25528,0.085378,0.25529
0.014,0.27625,0.031768,0.2533,0.050647,0.25464,0.067529,0.25551,0.077288,0.2558,0.083827,0.25593,0.088034,0.25599,0.090756,0.25603,0.09251,0.25605,0.093639,0.25606,0.094365,0.25606
0.015333,0.27875,0.034794,0.25367,0.055471,0.25526,0.07396,0.25628,0.084648,0.2566,0.09181,0.25675,0.096418,0.25682,0.099399,0.25686,0.10132,0.25688,0.10256,0.25689,0.10335,0.25689
0.016667,0.28125,0.037819,0.25408,0.060294,0.25594,0.080391,0.2571,0.092009,0.25745,0.099794,0.25762,0.1048,0.2577,0.10804,0.25774,0.11013,0.25776,0.11148,0.25777,0.11234,0.25777
0.018,0.28375,0.040845,0.25454,0.065118,0.25667,0.086822,0.25795,0.09937,0.25835,0.10778,0.25853,0.11319,0.25861,0.11669,0.25865,0.11894,0.25868,0.12039,0.25869,0.12133,0.25869
0.019333,0.28625,0.04387,0.25504,0.069941,0.25743,0.093254,0.25884,0.10673,0.25927,0.11576,0.25947,0.12157,0.25956,0.12533,0.2596,0.12775,0.25962,0.12931,0.25963,0.13031,0.25964
0.020667,0.28875,0.046896,0.25558,0.074765,0.25823,0.099685,0.25976,0.11409,0.26021,0.12374,0.26042,0.12995,0.26052,0.13397,0.26057,0.13656,0.26059,0.13823,0.2606,0.1393,0.26061
0.022,0.29125,0.049921,0.25615,0.079588,0.25905,0.10612,0.26069,0.12145,0.26117,0.13173,0.2614,0.13834,0.2615,0.14262,0.26155,0.14537,0.26158,0.14715,0.26159,0.14829,0.26159
0.023333,0.29375,0.052947,0.25676,0.084412,0.25989,0.11255,0.26163,0.12881,0.26215,0.13971,0.26238,0.14672,0.26249,0.15126,0.26254,0.15418,0.26257,0.15607,0.26258,0.15728,0.26259
0.024667,0.29625,0.055972,0.2574,0.089236,0.26075,0.11898,0.26259,0.13617,0.26312,0.14769,0.26337,0.15511,0.26348,0.1599,0.26354,0.16299,0.26357,0.16498,0.26358,0.16626,0.26359
0.026,0.29875,0.058998,0.25806,0.094059,0.26162,0.12541,0.26354,0.14353,0.2641,0.15568,0.26435,0.16349,0.26447,0.16855,0.26453,0.1718,0.26456,0.1739,0.26458,0.17525,0.26458
0.027333,0.30125,0.062024,0.25875,0.098883,0.26249,0.13184,0.26449,0.1509,0.26506,0.16366,0.26533,0.17187,0.26545,0.17719,0.26551,0.18062,0.26554,0.18282,0.26556,0.18424,0.26557
0.028667,0.30375,0.065049,0.25945,0.10371,0.26337,0.13827,0.26543,0.15826,0.26602,0.17164,0.26629,0.18026,0.26642,0.18583,0.26648,0.18943,0.26651,0.19174,0.26653,0.19322,0.26654
0.03,0.30625,0.068075,0.26016,0.10853,0.26425,0.1447,0.26636,0.16562,0.26695,0.17963,0.26723,0.18864,0.26736,0.19448,0.26743,0.19824,0.26746,0.20066,0.26748,0.20221,0.26749
0.031333,0.30875,0.0711,0.26089,0.11335,0.26511,0.15114,0.26726,0.17298,0.26787,0.18761,0.26815,0.19703,0.26828,0.20312,0.26835,0.20705,0.26839,0.20957,0.26841,0.2112,0.26842
0.032667,0.31125,0.074126,0.26163,0.11818,0.26597,0.15757,0.26814,0.18034,0.26875,0.1956,0.26904,0.20541,0.26917,0.21176,0.26924,0.21586,0.26928,0.21849,0.2693,0.22019,0.26932
0.034,0.31375,0.077151,0.26237,0.123,0.2668,0.164,0.26899,0.1877,0.26961,0.20358,0.2699,0.2138,0.27003,0.22041,0.27011,0.22467,0.27015,0.22741,0.27017,0.22917,0.27019
0.035333,0.31625,0.080177,0.26311,0.12782,0.26762,0.17043,0.26981,0.19506,0.27043,0.21156,0.27073,0.22218,0.27087,0.22905,0.27094,0.23348,0.27099,0.23633,0.27101,0.23816,0.27103
0.036667,0.31875,0.083202,0.26385,0.13265,0.26841,0.17686,0.2706,0.20242,0.27123,0.21955,0.27153,0.23056,0.27168,0.23769,0.27175,0.24229,0.2718,0.24525,0.27182,0.24715,0.27184
0.038,0.32125,0.086228,0.26459,0.13747,0.26917,0.18329,0.27137,0.20978,0.27201,0.22753,0.27231,0.23895,0.27246,0.24634,0.27254,0.2511,0.27259,0.25416,0.27262,0.25613,0.27263
0.039333,0.32375,0.089253,0.26532,0.14229,0.26991,0.18972,0.27211,0.21714,0.27276,0.23551,0.27308,0.24733,0.27323,0.25498,0.27332,0.25991,0.27336,0.26308,0.27339,0.26512,0.27341
0.040667,0.32625,0.092279,0.26603,0.14712,0.27061,0.19615,0.27284,0.2245,0.27351,0.2435,0.27383,0.25572,0.27399,0.26362,0.27408,0.26872,0.27413,0.272,0.27416,0.27411,0.27418
0.042,0.32875,0.095304,0.26674,0.15194,0.27129,0.20259,0.27355,0.23186,0.27425,0.25148,0.27459,0.2641,0.27476,0.27227,0.27485,0.27753,0.2749,0.28092,0.27494,0.2831,0.27496
0.043333,0.33125,0.09833,0.26743,0.15677,0.27195,0.20902,0.27426,0.23922,0.27499,0.25946,0.27536,0.27248,0.27553,0.28091,0.27563,0.28634,0.27568,0.28984,0.27572,0.29208,0.27574
0.044667,0.33375,0.10136,0.26809,0.16159,0.27259,0.21545,0.27498,0.24658,0.27576,0.26745,0.27614,0.28087,0.27633,0.28955,0.27643,0.29515,0.27648,0.29875,0.27652,0.30107,0.27654
0.046,0.33625,0.10438,0.26874,0.16641,0.27321,0.22188,0.27572,0.25395,0.27654,0.27543,0.27695,0.28925,0.27714,0.2982,0.27725,0.30396,0.27731,0.30767,0.27735,0.31006,0.27737
0.047333,0.33875,0.10741,0.26935,0.17124,0.27383,0.22831,0.27648,0.26131,0.27735,0.28341,0.27778,0.29764,0.27799,0.30684,0.2781,0.31277,0.27816,0.31659,0.2782,0.31905,0.27822
0.048667,0.34125,0.11043,0.26995,0.17606,0.27446,0.23474,0.27726,0.26867,0.27819,0.2914,0.27865,0.30602,0.27887,0.31549,0.27898,0.32158,0.27905,0.32551,0.27909,0.32803,0.27911
0.05,0.34375,0.11346,0.27051,0.18088,0.27509,0.24117,0.27808,0.27603,0.27907,0.29938,0.27955,0.31441,0.27978,0.32413,0.2799,0.33039,0.27997,0.33443,0.28001,0.33702,0.28003
0.051333,0.34625,0.11648,0.27105,0.18571,0.27575,0.2476,0.27893,0.28339,0.27997,0.30736,0.28048,0.32279,0.28072,0.33277,0.28085,0.3392,0.28092,0.34334,0.28096,0.34601,0.28099
0.052667,0.34875,0.11951,0.27157,0.19053,0.27642,0.25404,0.27982,0.29075,0.28091,0.31535,0.28145,0.33117,0.2817,0.34142,0.28183,0.34801,0.2819,0.35226,0.28195,0.35499,0.28197
0.054,0.35125,0.12253,0.27207,0.19535,0.27713,0.26047,0.28073,0.29811,0.28188,0.32333,0.28244,0.33956,0.2827,0.35006,0.28283,0.35683,0.28291,0.36118,0.28295,0.36398,0.28298
0.055333,0.35375,0.12556,0.27254,0.20018,0.27786,0.2669,0.28167,0.30547,0.28287,0.33131,0.28345,0.34794,0.28372,0.3587,0.28386,0.36564,0.28394,0.3701,0.28398,0.37297,0.28401
0.056667,0.35625,0.12859,0.27301,0.205,0.27863,0.27333,0.28264,0.31283,0.28388,0.3393,0.28447,0.35633,0.28475,0.36735,0.2849,0.37445,0.28498,0.37902,0.28502,0.38196,0.28505
0.058,0.35875,0.13161,0.27347,0.20982,0.27943,0.27976,0.28363,0.32019,0.2849,0.34728,0.28551,0.36471,0.2858,0.37599,0.28595,0.38326,0.28603,0.38794,0.28608,0.39094,0.2861
0.059333,0.36125,0.13464,0.27393,0.21465,0.28026,0.28619,0.28462,0.32755,0.28593,0.35527,0.28655,0.37309,0.28685,0.38463,0.287,0.39207,0.28708,0.39685,0.28713,0.39993,0.28716
0.060667,0.36375,0.13766,0.2744,0.21947,0.28112,0.29262,0.28563,0.33491,0.28696,0.36325,0.28759,0.38148,0.28789,0.39328,0.28805,0.40088,0.28814,0.40577,0.28818,0.40892,0.28821
0.062,0.36625,0.14069,0.27487,0.22429,0.282,0.29905,0.28663,0.34227,0.28799,0.37123,0.28863,0.38986,0.28893,0.40192,0.28909,0.40969,0.28918,0.41469,0.28923,0.4179,0.28926
0.063333,0.36875,0.14371,0.27536,0.22912,0.2829,0.30549,0.28764,0.34963,0.28901,0.37922,0.28966,0.39825,0.28996,0.41056,0.29013,0.4185,0.29022,0.42361,0.29027,0.42689,0.2903
0.064667,0.37125,0.14674,0.27588,0.23394,0.28381,0.31192,0.28863,0.357,0.29001,0.3872,0.29067,0.40663,0.29098,0.41921,0.29115,0.42731,0.29124,0.43253,0.29129,0.43588,0.29133
0.066,0.37375,0.14976,0.27642,0.23877,0.28474,0.31835,0.28961,0.36436,0.29101,0.39518,0.29167,0.41502,0.29199,0.42785,0.29216,0.43612,0.29225,0.44144,0.29231,0.44487,0.29234
0.067333,0.37625,0.15279,0.27698,0.24359,0.28566,0.32478,0.29058,0.37172,0.29198,0.40317,0.29266,0.4234,0.29298,0.43649,0.29315,0.44493,0.29325,0.45036,0.2933,0.45385,0.29334
0.068667,0.37875,0.15582,0.27757,0.24841,0.28659,0.33121,0.29153,0.37908,0.29295,0.41115,0.29363,0.43178,0.29396,0.44514,0.29413,0.45374,0.29423,0.45928,0.29429,0.46284,0.29433
0.07,0.38125,0.15884,0.2782,0.25324,0.28751,0.33764,0.29247,0.38644,0.2939,0.41913,0.29459,0.44017,0.29493,0.45378,0.29511,0.46255,0.29521,0.4682,0.29527,0.47183,0.29531
0.071333,0.38375,0.16187,0.27885,0.25806,0.28841,0.34407,0.2934,0.3938,0.29485,0.42712,0.29555,0.44855,0.29589,0.46242,0.29607,0.47136,0.29618,0.47712,0.29624,0.48081,0.29628
0.072667,0.38625,0.16489,0.27952,0.26288,0.28931,0.35051,0.29431,0.40116,0.29578,0.4351,0.2965,0.45694,0.29685,0.47107,0.29704,0.48017,0.29715,0.48603,0.29721,0.4898,0.29725
0.074,0.38875,0.16792,0.28023,0.26771,0.29019,0.35694,0.29522,0.40852,0.29672,0.44308,0.29746,0.46532,0.29782,0.47971,0.29801,0.48898,0.29812,0.49495,0.29818,0.49879,0.29823
0.075333,0.39125,0.17094,0.28096,0.27253,0.29105,0.36337,0.29612,0.41588,0.29766,0.45107,0.29842,0.4737,0.29879,0.48835,0.29898,0.49779,0.2991,0.50387,0.29917,0.50778,0.29921
0.076667,0.39375,0.17397,0.2817,0.27735,0.2919,0.3698,0.29703,0.42324,0.29861,0.45905,0.29939,0.48209,0.29977,0.497,0.29997,0.5066,0.30009,0.51279,0.30016,0.51676,0.3002
0.078,0.39625,0.17699,0.28246,0.28218,0.29273,0.37623,0.29794,0.4306,0.29957,0.46703,0.30037,0.49047,0.30076,0.50564,0.30097,0.51541,0.30109,0.52171,0.30116,0.52575,0.30121
0.079333,0.39875,0.18002,0.28324,0.287,0.29355,0.38266,0.29886,0.43796,0.30054,0.47502,0.30137,0.49886,0.30177,0.51428,0.30199,0.52423,0.30211,0.53062,0.30219,0.53474,0.30223
0.080667,0.40125,0.18305,0.28402,0.29182,0.29435,0.38909,0.2998,0.44532,0.30154,0.483,0.30239,0.50724,0.30281,0.52293,0.30303,0.53304,0.30316,0.53954,0.30323,0.54372,0.30328
0.082,0.40375,0.18607,0.28481,0.29665,0.29515,0.39552,0.30076,0.45269,0.30255,0.49098,0.30343,0.51562,0.30386,0.53157,0.30409,0.54185,0.30422,0.54846,0.30429,0.55271,0.30434
0.083333,0.40625,0.1891,0.28559,0.30147,0.29595,0.40196,0.30173,0.46005,0.30358,0.49897,0.30449,0.52401,0.30493,0.54021,0.30517,0.55066,0.3053,0.55738,0.30538,0.5617,0.30542
0.084667,0.40875,0.19212,0.28637,0.30629,0.29675,0.40839,0.30273,0.46741,0.30464,0.50695,0.30557,0.53239,0.30602,0.54886,0.30626,0.55947,0.3064,0.5663,0.30648,0.57069,0.30653
0.086,0.41125,0.19515,0.28715,0.31112,0.29756,0.41482,0.30374,0.47477,0.30571,0.51493,0.30667,0.54078,0.30713,0.5575,0.30738,0.56828,0.30752,0.57521,0.3076,0.57967,0.30764
0.087333,0.41375,0.19817,0.28791,0.31594,0.29838,0.42125,0.30478,0.48213,0.3068,0.52292,0.30778,0.54916,0.30825,0.56614,0.3085,0.57709,0.30865,0.58413,0.30873,0.58866,0.30878
0.088667,0.41625,0.2012,0.28867,0.32077,0.29921,0.42768,0.30583,0.48949,0.3079,0.5309,0.3089,0.55755,0.30938,0.57479,0.30964,0.5859,0.30979,0.59305,0.30987,0.59765,0.30992
0.09,0.41875,0.20422,0.2894,0.32559,0.30006,0.43411,0.3069,0.49685,0.30901,0.53889,0.31003,0.56593,0.31052,0.58343,0.31079,0.59471,0.31093,0.60197,0.31102,0.60664,0.31107
0.091333,0.42125,0.20725,0.29012,0.33041,0.30093,0.44054,0.30798,0.50421,0.31013,0.54687,0.31117,0.57431,0.31167,0.59207,0.31194,0.60352,0.31209,0.61089,0.31217,0.61562,0.31223
0.092667,0.42375,0.21027,0.29082,0.33524,0.30182,0.44697,0.30906,0.51157,0.31125,0.55485,0.31231,0.5827,0.31282,0.60072,0.31309,0.61233,0.31324,0.6198,0.31333,0.62461,0.31338
0.094,0.42625,0.2133,0.2915,0.34006,0.30274,0.45341,0.31016,0.51893,0.31237,0.56284,0.31345,0.59108,0.31396,0.60936,0.31424,0.62114,0.31439,0.62872,0.31449,0.6336,0.31454
0.095333,0.42875,0.21633,0.29216,0.34488,0.30367,0.45984,0.31125,0.52629,0.31349,0.57082,0.31458,0.59947,0.31511,0.61801,0.31539,0.62995,0.31555,0.63764,0.31564,0.64258,0.3157
0.096667,0.43125,0.21935,0.29281,0.34971,0.30463,0.46627,0.31234,0.53365,0.31461,0.5788,0.31572,0.60785,0.31625,0.62665,0.31653,0.63876,0.3167,0.64656,0.31679,0.65157,0.31685
0.098,0.43375,0.22238,0.29344,0.35453,0.3056,0.4727,0.31343,0.54101,0.31573,0.58679,0.31684,0.61623,0.31739,0.63529,0.31768,0.64757,0.31784,0.65548,0.31794,0.66056,0.318
0.099333,0.43625,0.2254,0.29406,0.35935,0.30658,0.47913,0.31452,0.54837,0.31684,0.59477,0.31797,0.62462,0.31852,0.64394,0.31882,0.65638,0.31899,0.66439,0.31909,0.66955,0.31915
0.10067,0.43875,0.22843,0.29468,0.36418,0.30757,0.48556,0.3156,0.55574,0.31795,0.60275,0.3191,0.633,0.31966,0.65258,0.31996,0.66519,0.32013,0.67331,0.32023,0.67853,0.32029
0.102,0.44125,0.23145,0.29528,0.369,0.30857,0.49199,0.31668,0.5631,0.31906,0.61074,0.32023,0.64139,0.32079,0.66122,0.3211,0.674,0.32128,0.68223,0.32138,0.68752,0.32144
0.10333,0.44375,0.23448,0.29589,0.37382,0.30957,0.49842,0.31775,0.57046,0.32016,0.61872,0.32135,0.64977,0.32193,0.66987,0.32225,0.68281,0.32243,0.69115,0.32253,0.69651,0.3226
0.10467,0.44625,0.2375,0.2965,0.37865,0.31057,0.50486,0.31882,0.57782,0.32128,0.6267,0.32249,0.65816,0.32308,0.67851,0.3234,0.69162,0.32358,0.70007,0.32369,0.70549,0.32376
0.106,0.44875,0.24053,0.29712,0.38347,0.31157,0.51129,0.3199,0.58518,0.3224,0.63469,0.32363,0.66654,0.32424,0.68715,0.32456,0.70044,0.32475,0.70898,0.32486,0.71448,0.32493
0.10733,0.45125,0.24356,0.29775,0.3883,0.31255,0.51772,0.32098,0.59254,0.32352,0.64267,0.32479,0.67492,0.3254,0.6958,0.32573,0.70925,0.32592,0.7179,0.32604,0.72347,0.3261
0.10867,0.45375,0.24658,0.2984,0.39312,0.31354,0.52415,0.32206,0.5999,0.32466,0.65065,0.32595,0.68331,0.32658,0.70444,0.32692,0.71806,0.32711,0.72682,0.32723,0.73246,0.3273
0.11,0.45625,0.24961,0.29906,0.39794,0.31451,0.53058,0.32316,0.60726,0.32581,0.65864,0.32713,0.69169,0.32777,0.71308,0.32812,0.72687,0.32831,0.73574,0.32843,0.74144,0.3285
0.11133,0.45875,0.25263,0.29975,0.40277,0.31548,0.53701,0.32427,0.61462,0.32697,0.66662,0.32832,0.70008,0.32897,0.72173,0.32933,0.73568,0.32953,0.74466,0.32965,0.75043,0.32972
0.11267,0.46125,0.25566,0.30045,0.40759,0.31644,0.54344,0.32539,0.62198,0.32815,0.6746,0.32953,0.70846,0.33019,0.73037,0.33055,0.74449,0.33076,0.75357,0.33088,0.75942,0.33095
0.114,0.46375,0.25868,0.30118,0.41241,0.31739,0.54988,0.32652,0.62934,0.32934,0.68259,0.33075,0.71684,0.33142,0.73901,0.33179,0.7533,0.332,0.76249,0.33212,0.7684,0.3322
0.11533,0.46625,0.26171,0.30193,0.41724,0.31835,0.55631,0.32767,0.6367,0.33055,0.69057,0.33198,0.72523,0.33267,0.74766,0.33304,0.76211,0.33325,0.77141,0.33338,0.77739,0.33346
0.11667,0.46875,0.26473,0.30271,0.42206,0.3193,0.56274,0.32883,0.64406,0.33177,0.69855,0.33322,0.73361,0.33393,0.7563,0.33431,0.77092,0.33452,0.78033,0.33465,0.78638,0.33473
0.118,0.47125,0.26776,0.3035,0.42688,0.32026,0.56917,0.33001,0.65142,0.333,0.70654,0.33448,0.742,0.33519,0.76494,0.33558,0.77973,0.3358,0.78925,0.33593,0.79537,0.336
0.11933,0.47375,0.27079,0.3043,0.43171,0.32123,0.5756,0.3312,0.65879,0.33423,0.71452,0.33574,0.75038,0.33646,0.77359,0.33686,0.78854,0.33708,0.79817,0.33721,0.80435,0.33729
0.12067,0.47625,0.27381,0.30512,0.43653,0.32221,0.58203,0.3324,0.66615,0.33548,0.72251,0.33701,0.75877,0.33774,0.78223,0.33814,0.79735,0.33837,0.80708,0.3385,0.81334,0.33859
0.122,0.47875,0.27684,0.30596,0.44135,0.3232,0.58846,0.3336,0.67351,0.33673,0.73049,0.33828,0.76715,0.33903,0.79087,0.33944,0.80616,0.33967,0.816,0.3398,0.82233,0.33989
0.12333,0.48125,0.27986,0.30679,0.44618,0.3242,0.59489,0.33482,0.68087,0.33799,0.73847,0.33956,0.77553,0.34032,0.79952,0.34073,0.81497,0.34097,0.82492,0.34111,0.83131,0.34119
0.12467,0.48375,0.28289,0.30764,0.451,0.32522,0.60133,0.33604,0.68823,0.33925,0.74646,0.34084,0.78392,0.34161,0.80816,0.34203,0.82378,0.34227,0.83384,0.34241,0.8403,0.3425
0.126,0.48625,0.28591,0.30848,0.45582,0.32626,0.60776,0.33726,0.69559,0.34051,0.75444,0.34212,0.7923,0.34291,0.8168,0.34334,0.83259,0.34358,0.84276,0.34372,0.84929,0.34381
0.12733,0.48875,0.28894,0.30932,0.46065,0.32731,0.61419,0.33849,0.70295,0.34178,0.76242,0.34341,0.80069,0.34421,0.82545,0.34464,0.8414,0.34489,0.85167,0.34504,0.85828,0.34512
0.12867,0.49125,0.29196,0.31015,0.46547,0.32837,0.62062,0.33971,0.71031,0.34305,0.77041,0.34471,0.80907,0.34552,0.83409,0.34596,0.85021,0.34621,0.86059,0.34636,0.86726,0.34645
0.13,0.49375,0.29499,0.31097,0.4703,0.32945,0.62705,0.34094,0.71767,0.34432,0.77839,0.34601,0.81745,0.34683,0.84273,0.34727,0.85902,0.34753,0.86951,0.34768,0.87625,0.34777
0.13133,0.49625,0.29802,0.31179,0.47512,0.33053,0.63348,0.34218,0.72503,0.3456,0.78637,0.34731,0.82584,0.34814,0.85138,0.3486,0.86783,0.34886,0.87843,0.34901,0.88524,0.34911
0.13267,0.49875,0.30104,0.31259,0.47994,0.33163,0.63991,0.34342,0.73239,0.34688,0.79436,0.34862,0.83422,0.34947,0.86002,0.34993,0.87665,0.3502,0.88735,0.35035,0.89423,0.35045
0.134,0.50125,0.30407,0.31338,0.48477,0.33273,0.64634,0.34466,0.73975,0.34818,0.80234,0.34994,0.84261,0.3508,0.86866,0.35127,0.88546,0.35154,0.89626,0.3517,0.90321,0.3518
0.13533,0.50375,0.30709,0.31416,0.48959,0.33383,0.65278,0.34591,0.74711,0.34948,0.81032,0.35127,0.85099,0.35215,0.87731,0.35263,0.89427,0.3529,0.90518,0.35306,0.9122,0.35316
0.13667,0.50625,0.31012,0.31492,0.49441,0.33494,0.65921,0.34717,0.75448,0.35079,0.81831,0.35262,0.85937,0.35351,0.88595,0.35399,0.90308,0.35427,0.9141,0.35443,0.92119,0.35453
0.138,0.50875,0.31314,0.31568,0.49924,0.33605,0.66564,0.34843,0.76184,0.35211,0.82629,0.35397,0.86776,0.35487,0.89459,0.35537,0.91189,0.35565,0.92302,0.35581,0.93017,0.35591
0.13933,0.51125,0.31617,0.31643,0.50406,0.33715,0.67207,0.34971,0.7692,0.35345,0.83427,0.35534,0.87614,0.35625,0.90324,0.35675,0.9207,0.35704,0.93194,0.35721,0.93916,0.35731
0.14067,0.51375,0.31919,0.31717,0.50888,0.33826,0.6785,0.351,0.77656,0.3548,0.84226,0.35671,0.88453,0.35764,0.91188,0.35815,0.92951,0.35844,0.94085,0.35861,0.94815,0.35872
0.142,0.51625,0.32222,0.31791,0.51371,0.33936,0.68493,0.3523,0.78392,0.35615,0.85024,0.3581,0.89291,0.35905,0.92053,0.35956,0.93832,0.35986,0.94977,0.36003,0.95714,0.36014
0.14333,0.51875,0.32525,0.31866,0.51853,0.34046,0.69136,0.35361,0.79128,0.35752,0.85822,0.3595,0.9013,0.36046,0.92917,0.36098,0.94713,0.36128,0.95869,0.36146,0.96612,0.36157
0.14467,0.52125,0.32827,0.31941,0.52335,0.34157,0.69779,0.35493,0.79864,0.3589,0.86621,0.36091,0.90968,0.36188,0.93781,0.36241,0.95594,0.36272,0.96761,0.3629,0.97511,0.36301
0.146,0.52375,0.3313,0.32016,0.52818,0.34268,0.70423,0.35627,0.806,0.36029,0.87419,0.36233,0.91806,0.36332,0.94646,0.36386,0.96475,0.36416,0.97653,0.36434,0.9841,0.36446
0.14733,0.52625,0.33432,0.32093,0.533,0.34379,0.71066,0.35761,0.81336,0.36169,0.88218,0.36376,0.92645,0.36476,0.9551,0.3653,0.97356,0.36562,0.98544,0.3658,0.99308,0.36591
0.14867,0.52875,0.33735,0.32171,0.53782,0.34491,0.71709,0.35897,0.82072,0.3631,0.89016,0.36519,0.93483,0.36621,0.96374,0.36676,0.98237,0.36708,0.99436,0.36727,1.0021,0.36738
0.15,0.53125,0.34037,0.32251,0.54265,0.34603,0.72352,0.36033,0.82808,0.36451,0.89814,0.36663,0.94322,0.36766,0.97239,0.36823,0.99118,0.36855,1.0033,0.36874,1.0111,0.36886
0.15133,0.53375,0.3434,0.32332,0.54747,0.34717,0.72995,0.3617,0.83544,0.36594,0.90613,0.36809,0.9516,0.36913,0.98103,0.3697,0.99999,0.37003,1.0122,0.37022,1.02,0.37034
0.15267,0.53625,0.34642,0.32415,0.5523,0.34832,0.73638,0.36308,0.8428,0.36736,0.91411,0.36954,0.95998,0.3706,0.98967,0.37118,1.0088,0.37151,1.0211,0.37171,1.029,0.37183
0.154,0.53875,0.34945,0.325,0.55712,0.34948,0.74281,0.36447,0.85016,0.3688,0.92209,0.37101,0.96837,0.37208,0.99832,0.37267,1.0176,0.37301,1.03,0.37321,1.038,0.37333
0.15533,0.54125,0.35248,0.32586,0.56194,0.35065,0.74925,0.36586,0.85753,0.37025,0.93008,0.37248,0.97675,0.37357,1.007,0.37417,1.0264,0.37451,1.039,0.37471,1.047,0.37484
0.15667,0.54375,0.3555,0.32674,0.56677,0.35184,0.75568,0.36726,0.86489,0.3717,0.93806,0.37397,0.98514,0.37507,1.0156,0.37568,1.0352,0.37602,1.0479,0.37623,1.056,0.37635
0.158,0.54625,0.35853,0.32764,0.57159,0.35303,0.76211,0.36867,0.87225,0.37316,0.94604,0.37546,0.99352,0.37658,1.0242,0.37719,1.044,0.37754,1.0568,0.37775,1.065,0.37788
0.15933,0.54875,0.36155,0.32854,0.57641,0.35424,0.76854,0.37008,0.87961,0.37463,0.95403,0.37696,1.0019,0.3781,1.0329,0.37872,1.0529,0.37908,1.0657,0.37929,1.074,0.37942
0.16067,0.55125,0.36458,0.32945,0.58124,0.35546,0.77497,0.3715,0.88697,0.37611,0.96201,0.37848,1.0103,0.37963,1.0415,0.38026,1.0617,0.38062,1.0746,0.38083,1.083,0.38096
0.162,0.55375,0.3676,0.33037,0.58606,0.35668,0.7814,0.37294,0.89433,0.3776,0.96999,0.38,1.0187,0.38117,1.0502,0.38181,1.0705,0.38217,1.0835,0.38239,1.0919,0.38252
0.16333,0.55625,0.37063,0.33129,0.59088,0.35791,0.78783,0.37438,0.90169,0.3791,0.97798,0.38154,1.0271,0.38272,1.0588,0.38337,1.0793,0.38374,1.0925,0.38396,1.1009,0.38409
0.16467,0.55875,0.37365,0.33221,0.59571,0.35914,0.79426,0.37583,0.90905,0.38062,0.98596,0.38308,1.0354,0.38428,1.0675,0.38494,1.0881,0.38531,1.1014,0.38554,1.1099,0.38567
0.166,0.56125,0.37668,0.33313,0.60053,0.36038,0.8007,0.3773,0.91641,0.38214,0.99394,0.38464,1.0438,0.38586,1.0761,0.38652,1.0969,0.3869,1.1103,0.38713,1.1189,0.38727
0.16733,0.56375,0.3797,0.33404,0.60535,0.36163,0.80713,0.37877,0.92377,0.38368,1.0019,0.38621,1.0522,0.38744,1.0848,0.38812,1.1057,0.3885,1.1192,0.38873,1.1279,0.38887
0.16867,0.56625,0.38273,0.33495,0.61018,0.36288,0.81356,0.38026,0.93113,0.38522,1.0099,0.38779,1.0606,0.38904,1.0934,0.38972,1.1145,0.39011,1.1281,0.39035,1.1369,0.39049
0.17,0.56875,0.38576,0.33585,0.615,0.36413,0.81999,0.38176,0.93849,0.38678,1.0179,0.38939,1.069,0.39065,1.102,0.39134,1.1233,0.39174,1.1371,0.39197,1.1459,0.39212
0.17133,0.57125,0.38878,0.33674,0.61983,0.36538,0.82642,0.38327,0.94585,0.38835,1.0259,0.39099,1.0774,0.39227,1.1107,0.39297,1.1321,0.39337,1.146,0.39361,1.1549,0.39376
0.17267,0.57375,0.39181,0.33763,0.62465,0.36664,0.83285,0.38479,0.95321,0.38993,1.0339,0.3926,1.0857,0.3939,1.1193,0.39461,1.141,0.39502,1.1549,0.39526,1.1638,0.39541
0.174,0.57625,0.39483,0.33851,0.62947,0.36791,0.83928,0.38632,0.96058,0.39152,1.0418,0.39423,1.0941,0.39554,1.128,0.39626,1.1498,0.39667,1.1638,0.39692,1.1728,0.39707
0.17533,0.57875,0.39786,0.33938,0.6343,0.36918,0.84571,0.38787,0.96794,0.39312,1.0498,0.39586,1.1025,0.39719,1.1366,0.39792,1.1586,0.39834,1.1727,0.39859,1.1818,0.39874
0.17667,0.58125,0.40088,0.34026,0.63912,0.37046,0.85215,0.38942,0.9753,0.39473,1.0578,0.39751,1.1109,0.39885,1.1453,0.39959,1.1674,0.40002,1.1816,0.40027,1.1908,0.40042
0.178,0.58375,0.40391,0.34113,0.64394,0.37175,0.85858,0.39098,0.98266,0.39635,1.0658,0.39916,1.1193,0.40053,1.1539,0.40128,1.1762,0.4017,1.1906,0.40196,1.1998,0.40212
0.17933,0.58625,0.40693,0.34201,0.64877,0.37305,0.86501,0.39255,0.99002,0.39798,1.0738,0.40083,1.1277,0.40221,1.1625,0.40297,1.185,0.4034,1.1995,0.40366,1.2088,0.40382
0.18067,0.58875,0.40996,0.3429,0.65359,0.37436,0.87144,0.39413,0.99738,0.39963,1.0818,0.40251,1.1361,0.4039,1.1712,0.40467,1.1938,0.40511,1.2084,0.40538,1.2178,0.40554
0.182,0.59125,0.41299,0.34379,0.65841,0.37569,0.87787,0.39573,1.0047,0.40128,1.0897,0.4042,1.1444,0.40561,1.1798,0.40639,1.2026,0.40683,1.2173,0.4071,1.2268,0.40726
0.18333,0.59375,0.41601,0.3447,0.66324,0.37702,0.8843,0.39733,1.0121,0.40294,1.0977,0.4059,1.1528,0.40733,1.1885,0.40812,1.2114,0.40857,1.2262,0.40884,1.2357,0.409
0.18467,0.59625,0.41904,0.34561,0.66806,0.37836,0.89073,0.39894,1.0195,0.40462,1.1057,0.40761,1.1612,0.40906,1.1971,0.40986,1.2203,0.41031,1.2351,0.41059,1.2447,0.41075
0.186,0.59875,0.42206,0.34654,0.67288,0.37972,0.89716,0.40057,1.0268,0.40631,1.1137,0.40934,1.1696,0.4108,1.2058,0.41161,1.2291,0.41207,1.2441,0.41235,1.2537,0.41252
0.18733,0.60125,0.42509,0.34749,0.67771,0.38108,0.9036,0.40221,1.0342,0.40801,1.1217,0.41107,1.178,0.41256,1.2144,0.41338,1.2379,0.41384,1.253,0.41412,1.2627,0.41429
0.18867,0.60375,0.42811,0.34844,0.68253,0.38245,0.91003,0.40385,1.0415,0.40972,1.1297,0.41282,1.1864,0.41433,1.223,0.41515,1.2467,0.41563,1.2619,0.41591,1.2717,0.41608
0.19,0.60625,0.43114,0.34941,0.68735,0.38384,0.91646,0.40552,1.0489,0.41144,1.1376,0.41459,1.1947,0.41611,1.2317,0.41695,1.2555,0.41743,1.2708,0.41771,1.2807,0.41789
0.19133,0.60875,0.43416,0.3504,0.69218,0.38522,0.92289,0.40719,1.0563,0.41318,1.1456,0.41636,1.2031,0.4179,1.2403,0.41875,1.2643,0.41924,1.2797,0.41953,1.2897,0.4197
0.19267,0.61125,0.43719,0.35139,0.697,0.38662,0.92932,0.40888,1.0636,0.41493,1.1536,0.41815,1.2115,0.41971,1.249,0.42057,1.2731,0.42106,1.2887,0.42135,1.2986,0.42153
0.194,0.61375,0.44022,0.3524,0.70183,0.38802,0.93575,0.41058,1.071,0.41669,1.1616,0.41995,1.2199,0.42153,1.2576,0.4224,1.2819,0.4229,1.2976,0.42319,1.3076,0.42337
0.19533,0.61625,0.44324,0.35341,0.70665,0.38943,0.94218,0.41229,1.0783,0.41847,1.1696,0.42177,1.2283,0.42336,1.2663,0.42424,1.2907,0.42474,1.3065,0.42504,1.3166,0.42523
0.19667,0.61875,0.44627,0.35443,0.71147,0.39084,0.94862,0.41401,1.0857,0.42025,1.1776,0.42359,1.2367,0.42521,1.2749,0.4261,1.2995,0.42661,1.3154,0.42691,1.3256,0.4271
0.198,0.62125,0.44929,0.35545,0.7163,0.39227,0.95505,0.41575,1.0931,0.42205,1.1855,0.42543,1.245,0.42707,1.2835,0.42797,1.3084,0.42848,1.3243,0.42879,1.3346,0.42898
0.19933,0.62375,0.45232,0.35647,0.72112,0.3937,0.96148,0.4175,1.1004,0.42387,1.1935,0.42729,1.2534,0.42894,1.2922,0.42985,1.3172,0.43037,1.3332,0.43068,1.3436,0.43087
0.20067,0.62625,0.45534,0.35748,0.72594,0.39514,0.96791,0.41926,1.1078,0.42569,1.2015,0.42915,1.2618,0.43082,1.3008,0.43174,1.326,0.43227,1.3422,0.43259,1.3526,0.43278
0.202,0.62875,0.45837,0.3585,0.73077,0.39659,0.97434,0.42104,1.1152,0.42753,1.2095,0.43103,1.2702,0.43272,1.3095,0.43365,1.3348,0.43419,1.3511,0.4345,1.3616,0.4347
0.20333,0.63125,0.46139,0.35952,0.73559,0.39805,0.98077,0.42282,1.1225,0.42938,1.2175,0.43292,1.2786,0.43463,1.3181,0.43557,1.3436,0.43611,1.36,0.43644,1.3705,0.43663
0.20467,0.63375,0.46442,0.36053,0.74041,0.39952,0.9872,0.42462,1.1299,0.43125,1.2255,0.43483,1.287,0.43656,1.3268,0.43751,1.3524,0.43806,1.3689,0.43838,1.3795,0.43858
0.206,0.63625,0.46745,0.36154,0.74524,0.40101,0.99363,0.42644,1.1372,0.43312,1.2334,0.43675,1.2954,0.43849,1.3354,0.43946,1.3612,0.44001,1.3778,0.44034,1.3885,0.44054
0.20733,0.63875,0.47047,0.36255,0.75006,0.4025,1.0001,0.42826,1.1446,0.43502,1.2414,0.43868,1.3037,0.44045,1.3441,0.44142,1.37,0.44198,1.3868,0.44232,1.3975,0.44252
0.20867,0.64125,0.4735,0.36356,0.75488,0.40401,1.0065,0.4301,1.152,0.43692,1.2494,0.44063,1.3121,0.44242,1.3527,0.4434,1.3788,0.44397,1.3957,0.4443,1.4065,0.44451
0.21,0.64375,0.47652,0.36457,0.75971,0.40552,1.0129,0.43196,1.1593,0.43884,1.2574,0.44259,1.3205,0.4444,1.3613,0.4454,1.3877,0.44597,1.4046,0.44631,1.4155,0.44652
0.21133,0.64625,0.47955,0.36559,0.76453,0.40705,1.0194,0.43383,1.1667,0.44078,1.2654,0.44457,1.3289,0.44639,1.37,0.4474,1.3965,0.44798,1.4135,0.44833,1.4245,0.44854
0.21267,0.64875,0.48257,0.36661,0.76935,0.40859,1.0258,0.43571,1.174,0.44273,1.2734,0.44656,1.3373,0.44841,1.3786,0.44943,1.4053,0.45001,1.4224,0.45036,1.4335,0.45057
0.214,0.65125,0.4856,0.36764,0.77418,0.41014,1.0322,0.43761,1.1814,0.44469,1.2813,0.44857,1.3457,0.45043,1.3873,0.45146,1.4141,0.45205,1.4313,0.45241,1.4424,0.45262
0.21533,0.65375,0.48862,0.36868,0.779,0.41169,1.0387,0.43952,1.1888,0.44667,1.2893,0.45059,1.354,0.45247,1.3959,0.45352,1.4229,0.45411,1.4403,0.45447,1.4514,0.45469
0.21667,0.65625,0.49165,0.36974,0.78383,0.41326,1.0451,0.44145,1.1961,0.44866,1.2973,0.45263,1.3624,0.45453,1.4046,0.45558,1.4317,0.45619,1.4492,0.45655,1.4604,0.45677
0.218,0.65875,0.49468,0.3708,0.78865,0.41483,1.0515,0.44339,1.2035,0.45067,1.3053,0.45468,1.3708,0.4566,1.4132,0.45767,1.4405,0.45828,1.4581,0.45864,1.4694,0.45886
0.21933,0.66125,0.4977,0.37188,0.79347,0.41642,1.0579,0.44535,1.2108,0.45269,1.3133,0.45675,1.3792,0.45869,1.4218,0.45977,1.4493,0.46038,1.467,0.46075,1.4784,0.46098
0.22067,0.66375,0.50073,0.37297,0.7983,0.41802,1.0644,0.44732,1.2182,0.45473,1.3213,0.45883,1.3876,0.46079,1.4305,0.46188,1.4581,0.4625,1.4759,0.46288,1.4874,0.4631
0.222,0.66625,0.50375,0.37407,0.80312,0.41962,1.0708,0.4493,1.2256,0.45678,1.3293,0.46093,1.396,0.46291,1.4391,0.46401,1.4669,0.46464,1.4849,0.46502,1.4964,0.46525
0.22333,0.66875,0.50678,0.37518,0.80794,0.42124,1.0772,0.45131,1.2329,0.45885,1.3372,0.46304,1.4043,0.46504,1.4478,0.46615,1.4758,0.46679,1.4938,0.46717,1.5054,0.4674
0.22467,0.67125,0.5098,0.3763,0.81277,0.42287,1.0837,0.45332,1.2403,0.46093,1.3452,0.46517,1.4127,0.46719,1.4564,0.46832,1.4846,0.46896,1.5027,0.46934,1.5143,0.46958
0.226,0.67375,0.51283,0.37742,0.81759,0.42451,1.0901,0.45536,1.2476,0.46303,1.3532,0.46732,1.4211,0.46936,1.4651,0.47049,1.4934,0.47114,1.5116,0.47153,1.5233,0.47177
0.22733,0.67625,0.51585,0.37856,0.82241,0.42616,1.0965,0.45741,1.255,0.46515,1.3612,0.46948,1.4295,0.47154,1.4737,0.47269,1.5022,0.47334,1.5205,0.47374,1.5323,0.47398
0.22867,0.67875,0.51888,0.3797,0.82724,0.42782,1.103,0.45947,1.2624,0.46728,1.3692,0.47166,1.4379,0.47374,1.4823,0.4749,1.511,0.47556,1.5294,0.47596,1.5413,0.4762
0.23,0.68125,0.52191,0.38084,0.83206,0.4295,1.1094,0.46155,1.2697,0.46943,1.3772,0.47385,1.4463,0.47596,1.491,0.47713,1.5198,0.4778,1.5384,0.4782,1.5503,0.47844
0.23133,0.68375,0.52493,0.38198,0.83688,0.43119,1.1158,0.46365,1.2771,0.47159,1.3851,0.47606,1.4546,0.47819,1.4996,0.47937,1.5286,0.48005,1.5473,0.48045,1.5593,0.4807
0.23267,0.68625,0.52796,0.38312,0.84171,0.43289,1.1223,0.46577,1.2844,0.47377,1.3931,0.47829,1.463,0.48044,1.5083,0.48163,1.5374,0.48232,1.5562,0.48272,1.5683,0.48297
0.234,0.68875,0.53098,0.38427,0.84653,0.4346,1.1287,0.4679,1.2918,0.47597,1.4011,0.48054,1.4714,0.48271,1.5169,0.48391,1.5462,0.4846,1.5651,0.48501,1.5773,0.48527
0.23533,0.69125,0.53401,0.38542,0.85136,0.43633,1.1351,0.47005,1.2992,0.47819,1.4091,0.4828,1.4798,0.48499,1.5256,0.48621,1.5551,0.48691,1.574,0.48732,1.5862,0.48758
0.23667,0.69375,0.53703,0.38657,0.85618,0.43806,1.1416,0.47222,1.3065,0.48042,1.4171,0.48508,1.4882,0.48729,1.5342,0.48852,1.5639,0.48923,1.583,0.48965,1.5952,0.4899
0.238,0.69625,0.54006,0.38772,0.861,0.43981,1.148,0.4744,1.3139,0.48267,1.4251,0.48738,1.4966,0.48961,1.5429,0.49085,1.5727,0.49156,1.5919,0.49199,1.6042,0.49225
0.23933,0.69875,0.54308,0.38888,0.86583,0.44157,1.1544,0.4766,1.3213,0.48494,1.433,0.4897,1.505,0.49195,1.5515,0.4932,1.5815,0.49392,1.6008,0.49435,1.6132,0.49461
0.24067,0.70125,0.54611,0.39004,0.87065,0.44335,1.1608,0.47882,1.3286,0.48722,1.441,0.49203,1.5133,0.49431,1.5601,0.49557,1.5903,0.4963,1.6097,0.49673,1.6222,0.49699
0.242,0.70375,0.54914,0.39121,0.87547,0.44513,1.1673,0.48106,1.336,0.48953,1.449,0.49439,1.5217,0.49668,1.5688,0.49796,1.5991,0.49869,1.6186,0.49913,1.6312,0.49939
0.24333,0.70625,0.55216,0.39239,0.8803,0.44693,1.1737,0.48332,1.3433,0.49185,1.457,0.49676,1.5301,0.49908,1.5774,0.50036,1.6079,0.5011,1.6275,0.50154,1.6402,0.50181
0.24467,0.70875,0.55519,0.39359,0.88512,0.44874,1.1801,0.48559,1.3507,0.49419,1.465,0.49915,1.5385,0.50149,1.5861,0.50279,1.6167,0.50353,1.6365,0.50398,1.6491,0.50425
0.246,0.71125,0.55821,0.39479,0.88994,0.45057,1.1866,0.48789,1.3581,0.49655,1.473,0.50156,1.5469,0.50392,1.5947,0.50523,1.6255,0.50598,1.6454,0.50643,1.6581,0.5067
0.24733,0.71375,0.56124,0.396,0.89477,0.45241,1.193,0.4902,1.3654,0.49893,1.4809,0.50399,1.5553,0.50637,1.6034,0.50769,1.6343,0.50845,1.6543,0.5089,1.6671,0.50918
0.24867,0.71625,0.56426,0.39723,0.89959,0.45426,1.1994,0.49253,1.3728,0.50133,1.4889,0.50644,1.5636,0.50884,1.612,0.51017,1.6432,0.51094,1.6632,0.51139,1.6761,0.51167
0.25,0.71875,0.56729,0.39847,0.90441,0.45613,1.2059,0.49488,1.3801,0.50374,1.4969,0.5089,1.572,0.51132,1.6206,0.51267,1.652,0.51344,1.6721,0.51391,1.6851,0.51419
0.25133,0.72125,0.57031,0.39971,0.90924,0.45801,1.2123,0.49725,1.3875,0.50618,1.5049,0.51139,1.5804,0.51383,1.6293,0.51519,1.6608,0.51597,1.6811,0.51644,1.6941,0.51672
0.25267,0.72375,0.57334,0.40097,0.91406,0.4599,1.2187,0.49965,1.3949,0.50863,1.5129,0.5139,1.5888,0.51636,1.6379,0.51773,1.6696,0.51852,1.69,0.51899,1.7031,0.51928
0.254,0.72625,0.57636,0.40224,0.91888,0.46181,1.2252,0.50206,1.4022,0.51111,1.5209,0.51642,1.5972,0.51891,1.6466,0.52029,1.6784,0.52109,1.6989,0.52156,1.7121,0.52185
0.25533,0.72875,0.57939,0.40351,0.92371,0.46373,1.2316,0.50449,1.4096,0.51361,1.5288,0.51897,1.6056,0.52148,1.6552,0.52287,1.6872,0.52367,1.7078,0.52415,1.721,0.52444
0.25667,0.73125,0.58242,0.40479,0.92853,0.46567,1.238,0.50694,1.4169,0.51612,1.5368,0.52154,1.6139,0.52407,1.6639,0.52548,1.696,0.52628,1.7167,0.52676,1.73,0.52706
0.258,0.73375,0.58544,0.40607,0.93336,0.46762,1.2445,0.50942,1.4243,0.51866,1.5448,0.52413,1.6223,0.52668,1.6725,0.5281,1.7048,0.52891,1.7256,0.5294,1.739,0.5297
0.25933,0.73625,0.58847,0.40736,0.93818,0.46959,1.2509,0.51191,1.4317,0.52122,1.5528,0.52674,1.6307,0.52931,1.6811,0.53074,1.7136,0.53156,1.7346,0.53205,1.748,0.53235
0.26067,0.73875,0.59149,0.40865,0.943,0.47157,1.2573,0.51443,1.439,0.5238,1.5608,0.52937,1.6391,0.53196,1.6898,0.53341,1.7225,0.53423,1.7435,0.53473,1.757,0.53503
0.262,0.74125,0.59452,0.40995,0.94783,0.47357,1.2637,0.51697,1.4464,0.5264,1.5688,0.53203,1.6475,0.53464,1.6984,0.53609,1.7313,0.53693,1.7524,0.53742,1.766,0.53773
0.26333,0.74375,0.59754,0.41125,0.95265,0.47558,1.2702,0.51953,1.4537,0.52902,1.5767,0.5347,1.6559,0.53733,1.7071,0.5388,1.7401,0.53964,1.7613,0.54014,1.775,0.54045
0.26467,0.74625,0.60057,0.41256,0.95747,0.47761,1.2766,0.52211,1.4611,0.53167,1.5847,0.5374,1.6643,0.54005,1.7157,0.54153,1.7489,0.54238,1.7702,0.54288,1.784,0.54319
0.266,0.74875,0.60359,0.41388,0.9623,0.47965,1.283,0.52472,1.4685,0.53434,1.5927,0.54012,1.6726,0.54279,1.7244,0.54428,1.7577,0.54514,1.7792,0.54565,1.7929,0.54596
0.26733,0.75125,0.60662,0.4152,0.96712,0.48171,1.2895,0.52735,1.4758,0.53703,1.6007,0.54286,1.681,0.54556,1.733,0.54706,1.7665,0.54792,1.7881,0.54843,1.8019,0.54875
0.26867,0.75375,0.60965,0.41654,0.97194,0.48379,1.2959,0.53,1.4832,0.53974,1.6087,0.54563,1.6894,0.54834,1.7417,0.54986,1.7753,0.55072,1.797,0.55124,1.8109,0.55156
0.27,0.75625,0.61267,0.41789,0.97677,0.48588,1.3023,0.53267,1.4905,0.54247,1.6167,0.54841,1.6978,0.55115,1.7503,0.55268,1.7841,0.55355,1.8059,0.55407,1.8199,0.55439
0.27133,0.75875,0.6157,0.41924,0.98159,0.48799,1.3088,0.53537,1.4979,0.54523,1.6246,0.55123,1.7062,0.55398,1.7589,0.55552,1.7929,0.5564,1.8148,0.55693,1.8289,0.55725
0.27267,0.76125,0.61872,0.42061,0.98641,0.49012,1.3152,0.5381,1.5053,0.54802,1.6326,0.55406,1.7146,0.55684,1.7676,0.55839,1.8017,0.55928,1.8237,0.55981,1.8379,0.56013
0.274,0.76375,0.62175,0.422,0.99124,0.49226,1.3216,0.54085,1.5126,0.55082,1.6406,0.55692,1.7229,0.55972,1.7762,0.56128,1.8106,0.56217,1.8327,0.56271,1.8469,0.56303
0.27533,0.76625,0.62477,0.42339,0.99606,0.49442,1.3281,0.54362,1.52,0.55365,1.6486,0.5598,1.7313,0.56262,1.7849,0.5642,1.8194,0.5651,1.8416,0.56563,1.8559,0.56596
0.27667,0.76875,0.6278,0.42479,1.0009,0.4966,1.3345,0.54642,1.5274,0.55651,1.6566,0.56271,1.7397,0.56555,1.7935,0.56714,1.8282,0.56804,1.8505,0.56858,1.8648,0.56891
0.278,0.77125,0.63082,0.42621,1.0057,0.4988,1.3409,0.54924,1.5347,0.55939,1.6646,0.56565,1.7481,0.5685,1.8022,0.5701,1.837,0.57101,1.8594,0.57156,1.8738,0.57189
0.27933,0.77375,0.63385,0.42763,1.0105,0.50101,1.3474,0.55209,1.5421,0.56229,1.6725,0.5686,1.7565,0.57148,1.8108,0.57309,1.8458,0.57401,1.8683,0.57456,1.8828,0.57489
0.28067,0.77625,0.63688,0.42907,1.0154,0.50324,1.3538,0.55497,1.5494,0.56523,1.6805,0.57159,1.7649,0.57449,1.8194,0.5761,1.8546,0.57703,1.8772,0.57758,1.8918,0.57792
0.282,0.77875,0.6399,0.43051,1.0202,0.50549,1.3602,0.55787,1.5568,0.56818,1.6885,0.5746,1.7732,0.57751,1.8281,0.57914,1.8634,0.58007,1.8862,0.58063,1.9008,0.58097
0.28333,0.78125,0.64293,0.43196,1.025,0.50776,1.3666,0.5608,1.5642,0.57117,1.6965,0.57763,1.7816,0.58057,1.8367,0.58221,1.8722,0.58315,1.8951,0.5837,1.9098,0.58405
0.28467,0.78375,0.64595,0.43342,1.0298,0.51005,1.3731,0.56376,1.5715,0.57418,1.7045,0.58069,1.79,0.58365,1.8454,0.5853,1.881,0.58624,1.904,0.58681,1.9188,0.58715
0.286,0.78625,0.64898,0.43488,1.0346,0.51235,1.3795,0.56674,1.5789,0.57721,1.7125,0.58378,1.7984,0.58676,1.854,0.58842,1.8899,0.58937,1.9129,0.58993,1.9278,0.59028
0.28733,0.78875,0.652,0.43636,1.0395,0.51468,1.3859,0.56976,1.5862,0.58028,1.7204,0.5869,1.8068,0.58989,1.8627,0.59156,1.8987,0.59252,1.9218,0.59309,1.9367,0.59344
0.28867,0.79125,0.65503,0.43784,1.0443,0.51702,1.3924,0.5728,1.5936,0.58337,1.7284,0.59004,1.8152,0.59305,1.8713,0.59473,1.9075,0.59569,1.9308,0.59627,1.9457,0.59662
0.29,0.79375,0.65805,0.43934,1.0491,0.51939,1.3988,0.57587,1.601,0.58649,1.7364,0.59321,1.8236,0.59624,1.8799,0.59793,1.9163,0.5989,1.9397,0.59948,1.9547,0.59983
0.29133,0.79625,0.66108,0.44085,1.0539,0.52177,1.4052,0.57897,1.6083,0.58964,1.7444,0.59641,1.8319,0.59946,1.8886,0.60116,1.9251,0.60213,1.9486,0.60271,1.9637,0.60307
0.29267,0.79875,0.66411,0.44237,1.0588,0.52418,1.4117,0.5821,1.6157,0.59281,1.7524,0.59964,1.8403,0.6027,1.8972,0.60441,1.9339,0.60539,1.9575,0.60597,1.9727,0.60633
0.294,0.80125,0.66713,0.44392,1.0636,0.52661,1.4181,0.58526,1.623,0.59602,1.7604,0.60289,1.8487,0.60597,1.9059,0.6077,1.9427,0.60868,1.9664,0.60926,1.9817,0.60962
0.29533,0.80375,0.67016,0.44548,1.0684,0.52906,1.4245,0.58845,1.6304,0.59926,1.7683,0.60618,1.8571,0.60928,1.9145,0.61101,1.9515,0.61199,1.9753,0.61258,1.9907,0.61294
0.29667,0.80625,0.67318,0.44706,1.0732,0.53152,1.431,0.59167,1.6378,0.60252,1.7763,0.60949,1.8655,0.61261,1.9232,0.61435,1.9603,0.61534,1.9843,0.61593,1.9996,0.61629
0.298,0.80875,0.67621,0.44868,1.0781,0.53402,1.4374,0.59492,1.6451,0.60582,1.7843,0.61284,1.8739,0.61597,1.9318,0.61772,1.9691,0.61871,1.9932,0.61931,2.0086,0.61967
0.29933,0.81125,0.67923,0.45032,1.0829,0.53653,1.4438,0.59821,1.6525,0.60915,1.7923,0.61621,1.8822,0.61936,1.9404,0.62112,1.978,0.62212,2.0021,0.62272,2.0176,0.62308
0.30067,0.81375,0.68226,0.452,1.0877,0.53906,1.4503,0.60153,1.6598,0.6125,1.8003,0.61962,1.8906,0.62278,1.9491,0.62454,1.9868,0.62555,2.011,0.62615,2.0266,0.62652
0.302,0.81625,0.68528,0.45372,1.0925,0.54162,1.4567,0.60488,1.6672,0.61589,1.8083,0.62305,1.899,0.62623,1.9577,0.628,1.9956,0.62901,2.0199,0.62962,2.0356,0.62999
0.30333,0.81875,0.68831,0.4555,1.0974,0.5442,1.4631,0.60826,1.6746,0.61932,1.8162,0.62652,1.9074,0.62971,1.9664,0.63149,2.0044,0.63251,2.0289,0.63311,2.0446,0.63349
0.30467,0.82125,0.69134,0.45735,1.1022,0.54681,1.4695,0.61168,1.6819,0.62277,1.8242,0.63002,1.9158,0.63322,1.975,0.63501,2.0132,0.63603,2.0378,0.63664,2.0536,0.63701
0.306,0.82375,0.69436,0.45928,1.107,0.54943,1.476,0.61513,1.6893,0.62626,1.8322,0.63355,1.9242,0.63677,1.9837,0.63857,2.022,0.63959,2.0467,0.6402,2.0626,0.64057
0.30733,0.82625,0.69739,0.46132,1.1118,0.55209,1.4824,0.61862,1.6966,0.62978,1.8402,0.63712,1.9325,0.64034,1.9923,0.64215,2.0308,0.64318,2.0556,0.64379,2.0715,0.64417
0.30867,0.82875,0.70041,0.46348,1.1166,0.55476,1.4888,0.62214,1.704,0.63334,1.8482,0.64071,1.9409,0.64395,2.001,0.64577,2.0396,0.6468,2.0645,0.64741,2.0805,0.64779
0.31,0.83125,0.70344,0.46581,1.1215,0.55746,1.4953,0.6257,1.7114,0.63693,1.8562,0.64434,1.9493,0.6476,2.0096,0.64942,2.0484,0.65045,2.0734,0.65107,2.0895,0.65145
0.31133,0.83375,0.70646,0.46831,1.1263,0.56019,1.5017,0.6293,1.7187,0.64056,1.8641,0.64801,1.9577,0.65127,2.0182,0.6531,2.0573,0.65414,2.0824,0.65476,2.0985,0.65513
0.31267,0.83625,0.70949,0.47104,1.1311,0.56294,1.5081,0.63293,1.7261,0.64422,1.8721,0.65171,1.9661,0.65498,2.0269,0.65681,2.0661,0.65785,2.0913,0.65848,2.1075,0.65886
0.314,0.83875,0.71251,0.47401,1.1359,0.56572,1.5146,0.6366,1.7335,0.64792,1.8801,0.65544,1.9745,0.65872,2.0355,0.66056,2.0749,0.66161,2.1002,0.66223,2.1165,0.66261
0.31533,0.84125,0.71554,0.47728,1.1408,0.56852,1.521,0.64031,1.7408,0.65165,1.8881,0.65921,1.9829,0.6625,2.0442,0.66435,2.0837,0.66539,2.1091,0.66602,2.1255,0.6664
0.31667,0.84375,0.71857,0.48086,1.1456,0.57135,1.5274,0.64406,1.7482,0.65542,1.8961,0.66301,1.9912,0.66632,2.0528,0.66816,2.0925,0.66921,2.118,0.66984,2.1345,0.67022
0.318,0.84625,0.72159,0.48479,1.1504,0.57421,1.5339,0.64785,1.7555,0.65923,1.9041,0.66685,1.9996,0.67016,2.0615,0.67202,2.1013,0.67307,2.127,0.67369,2.1434,0.67408
0.31933,0.84875,0.72462,0.4891,1.1552,0.57709,1.5403,0.65168,1.7629,0.66308,1.912,0.67073,2.008,0.67405,2.0701,0.67591,2.1101,0.67696,2.1359,0.67759,2.1524,0.67797
0.32067,0.85125,0.72764,0.49381,1.1601,0.58001,1.5467,0.65555,1.7703,0.66697,1.92,0.67464,2.0164,0.67797,2.0787,0.67983,2.1189,0.68088,2.1448,0.68151,2.1614,0.6819
0.322,0.85375,0.73067,0.49895,1.1649,0.58295,1.5532,0.65946,1.7776,0.6709,1.928,0.6786,2.0248,0.68193,2.0874,0.68379,2.1277,0.68485,2.1537,0.68548,2.1704,0.68586
0.32333,0.85625,0.73369,0.50451,1.1697,0.58592,1.5596,0.66342,1.785,0.67486,1.936,0.68259,2.0332,0.68592,2.096,0.68779,2.1365,0.68885,2.1626,0.68948,2.1794,0.68986
0.32467,0.85875,0.73672,0.51051,1.1745,0.58892,1.566,0.66741,1.7923,0.67887,1.944,0.68662,2.0415,0.68996,2.1047,0.69182,2.1454,0.69288,2.1715,0.69351,2.1884,0.6939
0.326,0.86125,0.73974,0.51693,1.1794,0.59195,1.5725,0.67146,1.7997,0.68292,1.952,0.69068,2.0499,0.69403,2.1133,0.6959,2.1542,0.69696,2.1805,0.69759,2.1974,0.69797
0.32733,0.86375,0.74277,0.52377,1.1842,0.59501,1.5789,0.67554,1.8071,0.68701,1.9599,0.69479,2.0583,0.69814,2.122,0.70001,2.163,0.70107,2.1894,0.7017,2.2064,0.70208
0.32867,0.86625,0.7458,0.53101,1.189,0.5981,1.5853,0.67967,1.8144,0.69115,1.9679,0.69894,2.0667,0.70229,2.1306,0.70416,2.1718,0.70522,2.1983,0.70585,2.2153,0.70623
0.33,0.86875,0.74882,0.53862,1.1938,0.60123,1.5917,0.68385,1.8218,0.69533,1.9759,0.70313,2.0751,0.70648,2.1392,0.70835,2.1806,0.70941,2.2072,0.71004,2.2243,0.71042
0.33133,0.87125,0.75185,0.54656,1.1987,0.60438,1.5982,0.68807,1.8291,0.69955,1.9839,0.70736,2.0835,0.71071,2.1479,0.71258,2.1894,0.71363,2.2161,0.71427,2.2333,0.71465
0.33267,0.87375,0.75487,0.55481,1.2035,0.60757,1.6046,0.69235,1.8365,0.70382,1.9919,0.71163,2.0918,0.71498,2.1565,0.71685,2.1982,0.7179,2.2251,0.71853,2.2423,0.71892
0.334,0.87625,0.7579,0.56333,1.2083,0.61079,1.611,0.69667,1.8439,0.70813,1.9999,0.71595,2.1002,0.71929,2.1652,0.72116,2.207,0.72221,2.234,0.72284,2.2513,0.72322
0.33533,0.87875,0.76092,0.57207,1.2131,0.61405,1.6175,0.70104,1.8512,0.71249,2.0078,0.72031,2.1086,0.72365,2.1738,0.72551,2.2158,0.72656,2.2429,0.72719,2.2603,0.72757
0.33667,0.88125,0.76395,0.58099,1.2179,0.61734,1.6239,0.70546,1.8586,0.7169,2.0158,0.72471,2.117,0.72804,2.1825,0.7299,2.2247,0.73095,2.2518,0.73158,2.2693,0.73196
0.338,0.88375,0.76697,0.59007,1.2228,0.62067,1.6303,0.70993,1.8659,0.72135,2.0238,0.72916,2.1254,0.73249,2.1911,0.73434,2.2335,0.73539,2.2607,0.73601,2.2783,0.73639
0.33933,0.88625,0.77,0.59926,1.2276,0.62403,1.6368,0.71446,1.8733,0.72585,2.0318,0.73365,2.1338,0.73697,2.1998,0.73882,2.2423,0.73986,2.2696,0.74049,2.2872,0.74087
0.34067,0.88875,0.77302,0.60854,1.2324,0.62743,1.6432,0.71903,1.8807,0.7304,2.0398,0.73819,2.1421,0.7415,2.2084,0.74334,2.2511,0.74438,2.2786,0.745,2.2962,0.74538
0.342,0.89125,0.77605,0.61787,1.2372,0.63086,1.6496,0.72367,1.888,0.73501,2.0478,0.74278,2.1505,0.74607,2.217,0.74791,2.2599,0.74895,2.2875,0.74956,2.3052,0.74994
0.34333,0.89375,0.77908,0.62724,1.2421,0.63434,1.6561,0.72835,1.8954,0.73966,2.0557,0.74741,2.1589,0.75069,2.2257,0.75252,2.2687,0.75355,2.2964,0.75417,2.3142,0.75454
0.34467,0.89625,0.7821,0.63662,1.2469,0.63785,1.6625,0.7331,1.9027,0.74437,2.0637,0.75209,2.1673,0.75536,2.2343,0.75718,2.2775,0.75821,2.3053,0.75882,2.3232,0.75919
0.346,0.89875,0.78513,0.64599,1.2517,0.64141,1.6689,0.7379,1.9101,0.74912,2.0717,0.75682,2.1757,0.76007,2.243,0.76188,2.2863,0.7629,2.3142,0.76351,2.3322,0.76388
0.34733,0.90125,0.78815,0.65535,1.2565,0.645,1.6754,0.74276,1.9175,0.75394,2.0797,0.7616,2.1841,0.76483,2.2516,0.76663,2.2951,0.76765,2.3232,0.76825,2.3412,0.76862
0.34867,0.90375,0.79118,0.66469,1.2614,0.64864,1.6818,0.74768,1.9248,0.7588,2.0877,0.76642,2.1925,0.76964,2.2603,0.77143,2.3039,0.77244,2.3321,0.77304,2.3501,0.7734
0.35,0.90625,0.7942,0.67399,1.2662,0.65232,1.6882,0.75266,1.9322,0.76372,2.0957,0.7713,2.2008,0.7745,2.2689,0.77628,2.3128,0.77728,2.341,0.77787,2.3591,0.77823
0.35133,0.90875,0.79723,0.68325,1.271,0.65604,1.6946,0.7577,1.9396,0.7687,2.1036,0.77623,2.2092,0.77941,2.2775,0.78117,2.3216,0.78216,2.3499,0.78275,2.3681,0.78311
0.35267,0.91125,0.80025,0.69247,1.2758,0.6598,1.7011,0.76281,1.9469,0.77374,2.1116,0.78122,2.2176,0.78436,2.2862,0.78611,2.3304,0.7871,2.3588,0.78768,2.3771,0.78804
0.354,0.91375,0.80328,0.70165,1.2807,0.66361,1.7075,0.76798,1.9543,0.77883,2.1196,0.78625,2.226,0.78937,2.2948,0.79111,2.3392,0.79208,2.3677,0.79266,2.3861,0.79301
0.35533,0.91625,0.80631,0.71079,1.2855,0.66747,1.7139,0.77322,1.9616,0.78399,2.1276,0.79134,2.2344,0.79443,2.3035,0.79615,2.348,0.79711,2.3767,0.79769,2.3951,0.79804
0.35667,0.91875,0.80933,0.71989,1.2903,0.67138,1.7204,0.77852,1.969,0.7892,2.1356,0.79649,2.2428,0.79955,2.3121,0.80124,2.3568,0.8022,2.3856,0.80276,2.4041,0.80311
0.358,0.92125,0.81236,0.72894,1.2951,0.67533,1.7268,0.78389,1.9764,0.79448,2.1436,0.80169,2.2511,0.80471,2.3208,0.80639,2.3656,0.80733,2.3945,0.80789,2.4131,0.80823
0.35933,0.92375,0.81538,0.73795,1.2999,0.67934,1.7332,0.78934,1.9837,0.79982,2.1515,0.80694,2.2595,0.80994,2.3294,0.81159,2.3744,0.81252,2.4034,0.81307,2.422,0.81341
0.36067,0.92625,0.81841,0.74693,1.3048,0.68339,1.7397,0.79485,1.9911,0.80522,2.1595,0.81226,2.2679,0.81521,2.338,0.81684,2.3832,0.81776,2.4123,0.8183,2.431,0.81864
0.362,0.92875,0.82143,0.75586,1.3096,0.6875,1.7461,0.80044,1.9984,0.81069,2.1675,0.81763,2.2763,0.82054,2.3467,0.82215,2.3921,0.82305,2.4212,0.82359,2.44,0.82392
0.36333,0.93125,0.82446,0.76477,1.3144,0.69167,1.7525,0.8061,2.0058,0.81622,2.1755,0.82306,2.2847,0.82593,2.3553,0.82751,2.4009,0.8284,2.4302,0.82893,2.449,0.82925
0.36467,0.93375,0.82748,0.77363,1.3192,0.6959,1.759,0.81184,2.0132,0.82182,2.1835,0.82856,2.2931,0.83138,2.364,0.83293,2.4097,0.8338,2.4391,0.83432,2.458,0.83464
0.366,0.93625,0.83051,0.78246,1.3241,0.7002,1.7654,0.81766,2.0205,0.82749,2.1915,0.83411,2.3014,0.83688,2.3726,0.83841,2.4185,0.83926,2.448,0.83977,2.467,0.84008
0.36733,0.93875,0.83354,0.79126,1.3289,0.70457,1.7718,0.82356,2.0279,0.83323,2.1995,0.83972,2.3098,0.84244,2.3813,0.84394,2.4273,0.84478,2.4569,0.84528,2.476,0.84558
0.36867,0.94125,0.83656,0.80004,1.3337,0.70903,1.7783,0.82954,2.0352,0.83904,2.2074,0.8454,2.3182,0.84807,2.3899,0.84953,2.4361,0.85035,2.4658,0.85084,2.485,0.85113
0.37,0.94375,0.83959,0.80878,1.3385,0.71359,1.7847,0.83561,2.0426,0.84492,2.2154,0.85115,2.3266,0.85375,2.3986,0.85518,2.4449,0.85598,2.4748,0.85646,2.4939,0.85674
0.37133,0.94625,0.84261,0.81749,1.3434,0.71829,1.7911,0.84176,2.05,0.85088,2.2234,0.85695,2.335,0.85949,2.4072,0.86089,2.4537,0.86167,2.4837,0.86213,2.5029,0.86241
0.37267,0.94875,0.84564,0.82618,1.3482,0.72317,1.7975,0.848,2.0573,0.85691,2.2314,0.86283,2.3434,0.8653,2.4158,0.86666,2.4625,0.86742,2.4926,0.86787,2.5119,0.86814
0.374,0.95125,0.84866,0.83484,1.353,0.72827,1.804,0.85433,2.0647,0.86302,2.2394,0.86877,2.3518,0.87118,2.4245,0.87249,2.4713,0.87323,2.5015,0.87366,2.5209,0.87393
0.37533,0.95375,0.85169,0.84348,1.3578,0.73367,1.8104,0.86076,2.072,0.86921,2.2474,0.87478,2.3601,0.87711,2.4331,0.87839,2.4802,0.8791,2.5104,0.87952,2.5299,0.87978
0.37667,0.95625,0.85471,0.85209,1.3627,0.73947,1.8168,0.86727,2.0794,0.87548,2.2553,0.88086,2.3685,0.88312,2.4418,0.88435,2.489,0.88503,2.5193,0.88544,2.5389,0.88569
0.378,0.95875,0.85774,0.86069,1.3675,0.74576,1.8233,0.87389,2.0868,0.88183,2.2633,0.88701,2.3769,0.88918,2.4504,0.89037,2.4978,0.89103,2.5283,0.89142,2.5479,0.89166
0.37933,0.96125,0.86077,0.86926,1.3723,0.75269,1.8297,0.88061,2.0941,0.88826,2.2713,0.89324,2.3853,0.89532,2.4591,0.89646,2.5066,0.89709,2.5372,0.89747,2.5569,0.89769
0.38067,0.96375,0.86379,0.87781,1.3771,0.7604,1.8361,0.88743,2.1015,0.89478,2.2793,0.89954,2.3937,0.90153,2.4677,0.90261,2.5154,0.90322,2.5461,0.90357,2.5658,0.90379
0.382,0.96625,0.86682,0.88634,1.3819,0.76905,1.8426,0.89435,2.1088,0.90138,2.2873,0.90591,2.4021,0.9078,2.4763,0.90883,2.5242,0.90941,2.555,0.90975,2.5748,0.90995
0.38333,0.96875,0.86984,0.89485,1.3868,0.77879,1.849,0.90138,2.1162,0.90807,2.2953,0.91236,2.4104,0.91415,2.485,0.91513,2.533,0.91567,2.5639,0.91599,2.5838,0.91618
0.38467,0.97125,0.87287,0.90334,1.3916,0.78976,1.8554,0.90853,2.1236,0.91486,2.3032,0.91888,2.4188,0.92057,2.4936,0.92149,2.5418,0.92199,2.5729,0.9223,2.5928,0.92248
0.386,0.97375,0.87589,0.91182,1.3964,0.80207,1.8619,0.91579,2.1309,0.92173,2.3112,0.92549,2.4272,0.92706,2.5023,0.92792,2.5506,0.92839,2.5818,0.92867,2.6018,0.92884
0.38733,0.97625,0.87892,0.92028,1.4012,0.81579,1.8683,0.92317,2.1383,0.9287,2.3192,0.93217,2.4356,0.93363,2.5109,0.93442,2.5595,0.93486,2.5907,0.93512,2.6108,0.93527
0.38867,0.97875,0.88194,0.92872,1.4061,0.83093,1.8747,0.93067,2.1457,0.93576,2.3272,0.93894,2.444,0.94028,2.5196,0.94099,2.5683,0.94139,2.5996,0.94163,2.6198,0.94177
0.39,0.98125,0.88497,0.93715,1.4109,0.84744,1.8812,0.93829,2.153,0.94292,2.3352,0.94579,2.4524,0.947,2.5282,0.94764,2.5771,0.948,2.6085,0.94822,2.6288,0.94835
0.39133,0.98375,0.888,0.94556,1.4157,0.86524,1.8876,0.94605,2.1604,0.95018,2.3432,0.95272,2.4607,0.9538,2.5368,0.95437,2.5859,0.95469,2.6174,0.95488,2.6377,0.95499
0.39267,0.98625,0.89102,0.95396,1.4205,0.88415,1.894,0.95394,2.1677,0.95755,2.3511,0.95974,2.4691,0.96067,2.5455,0.96117,2.5947,0.96144,2.6264,0.96161,2.6467,0.96171
0.394,0.98875,0.89405,0.96234,1.4254,0.90401,1.9004,0.96197,2.1751,0.96502,2.3591,0.96685,2.4775,0.96763,2.5541,0.96805,2.6035,0.96828,2.6353,0.96841,2.6557,0.96849
0.39533,0.99125,0.89707,0.97072,1.4302,0.9246,1.9069,0.97014,2.1825,0.97259,2.3671,0.97405,2.4859,0.97468,2.5628,0.975,2.6123,0.97519,2.6442,0.97529,2.6647,0.97536
0.39667,0.99375,0.9001,0.97907,1.435,0.94572,1.9133,0.97846,2.1898,0.98028,2.3751,0.98135,2.4943,0.9818,2.5714,0.98204,2.6211,0.98217,2.6531,0.98225,2.6737,0.9823
0.398,0.99625,0.90312,0.98742,1.4398,0.96718,1.9197,0.98694,2.1972,0.98807,2.3831,0.98873,2.5027,0.98901,2.5801,0.98916,2.6299,0.98924,2.662,0.98929,2.6827,0.98932
0.39933,0.99875,0.90615,0.99575,1.4447,0.98879,1.9262,0.99559,2.2045,0.99599,2.3911,0.99621,2.5111,0.99631,2.5887,0.99636,2.6387,0.99639,2.671,0.9964,2.6917,0.99641
0.401,1,0.90782,1,1.4463,1,1.9278,1,2.2062,1,2.3927,1,2.5127,1,2.5904,1,2.6404,1,2.6726,1,2.6933,1
0.403,1,0.90812,1,1.4448,1,1.9247,1,2.2022,1,2.3881,1,2.5077,1,2.5851,1,2.6349,1,2.667,1,2.6877,1
0.405,1,0.90843,1,1.4433,1,1.9216,1,2.1982,1,2.3834,1,2.5026,1,2.5798,1,2.6295,1,2.6615,1,2.682,1
0.407,1,0.90874,1,1.4418,1,1.9185,1,2.1941,1,2.3788,1,2.4976,1,2.5744,1,2.624,1,2.6559,1,2.6764,1
0.409,1,0.90905,1,1.4404,1,1.9154,1,2.1901,1,2.3741,1,2.4925,1,2.5691,1,2.6185,1,2.6503,1,2.6707,1
0.411,1,0.90935,1,1.4389,1,1.9123,1,2.1861,1,2.3695,1,2.4875,1,2.5638,1,2.613,1,2.6447,1,2.6651,1
0.413,1,0.90966,1,1.4374,1,1.9093,1,2.182,1,2.3648,1,2.4824,1,2.5585,1,2.6076,1,2.6391,1,2.6594,1
0.415,1,0.90997,1,1.4359,1,1.9062,1,2.178,1,2.3602,1,2.4774,1,2.5532,1,2.6021,1,2.6335,1,2.6538,1
0.417,1,0.91028,1,1.4344,1,1.9031,1,2.174,1,2.3555,1,2.4723,1,2.5479,1,2.5966,1,2.6279,1,2.6481,1
0.419,1,0.91059,1,1.4329,1,1.9,1,2.17,1,2.3509,1,2.4673,1,2.5426,1,2.5911,1,2.6224,1,2.6424,1
0.421,1,0.91089,1,1.4314,1,1.8969,1,2.1659,1,2.3462,1,2.4622,1,2.5373,1,2.5856,1,2.6168,1,2.6368,1
0.423,1,0.9112,1,1.4299,1,1.8938,1,2.1619,1,2.3416,1,2.4572,1,2.532,1,2.5802,1,2.6112,1,2.6311,1
0.425,1,0.91151,1,1.4284,1,1.8907,1,2.1579,1,2.3369,1,2.4521,1,2.5267,1,2.5747,1,2.6056,1,2.6255,1
0.427,1,0.91182,1,1.4269,1,1.8876,1,2.1538,1,2.3323,1,2.4471,1,2.5213,1,2.5692,1,2.6,1,2.6198,1
0.429,1,0.91212,1,1.4255,1,1.8845,1,2.1498,1,2.3276,1,2.442,1,2.516,1,2.5637,1,2.5944,1,2.6142,1
0.431,1,0.91243,1,1.424,1,1.8814,1,2.1458,1,2.323,1,2.437,1,2.5107,1,2.5583,1,2.5889,1,2.6085,1
0.433,1,0.91274,1,1.4225,1,1.8783,1,2.1418,1,2.3183,1,2.4319,1,2.5054,1,2.5528,1,2.5833,1,2.6029,1
0.435,1,0.91305,1,1.421,1,1.8752,1,2.1377,1,2.3137,1,2.4269,1,2.5001,1,2.5473,1,2.5777,1,2.5972,1
0.437,1,0.91336,1,1.4195,1,1.8721,1,2.1337,1,2.309,1,2.4218,1,2.4948,1,2.5418,1,2.5721,1,2.5916,1
0.439,1,0.91366,1,1.418,1,1.869,1,2.1297,1,2.3044,1,2.4168,1,2.4895,1,2.5363,1,2.5665,1,2.5859,1
0.441,1,0.91397,1,1.4165,1,1.8659,1,2.1257,1,2.2997,1,2.4117,1,2.4842,1,2.5309,1,2.5609,1,2.5803,1
0.443,1,0.91428,1,1.415,1,1.8628,1,2.1216,1,2.2951,1,2.4067,1,2.4789,1,2.5254,1,2.5553,1,2.5746,1
0.445,1,0.91459,1,1.4135,1,1.8597,1,2.1176,1,2.2904,1,2.4016,1,2.4736,1,2.5199,1,2.5498,1,2.5689,1
0.447,1,0.91489,1,1.412,1,1.8566,1,2.1136,1,2.2858,1,2.3965,1,2.4682,1,2.5144,1,2.5442,1,2.5633,1
0.449,1,0.9152,1,1.4106,1,1.8535,1,2.1095,1,2.2811,1,2.3915,1,2.4629,1,2.509,1,2.5386,1,2.5576,1
0.451,1,0.91551,1,1.4091,1,1.8504,1,2.1055,1,2.2765,1,2.3864,1,2.4576,1,2.5035,1,2.533,1,2.552,1
0.453,1,0.91582,1,1.4076,1,1.8473,1,2.1015,1,2.2718,1,2.3814,1,2.4523,1,2.498,1,2.5274,1,2.5463,1
0.455,1,0.91613,1,1.4061,1,1.8442,1,2.0975,1,2.2672,1,2.3763,1,2.447,1,2.4925,1,2.5218,1,2.5407,1
0.457,1,0.91643,1,1.4046,1,1.8411,1,2.0934,1,2.2625,1,2.3713,1,2.4417,1,2.4871,1,2.5162,1,2.535,1
0.459,1,0.91674,1,1.4031,1,1.838,1,2.0894,1,2.2579,1,2.3662,1,2.4364,1,2.4816,1,2.5107,1,2.5294,1
0.461,1,0.91705,1,1.4016,1,1.8349,1,2.0854,1,2.2532,1,2.3612,1,2.4311,1,2.4761,1,2.5051,1,2.5237,1
0.463,1,0.91736,1,1.4001,1,1.8318,1,2.0814,1,2.2486,1,2.3561,1,2.4258,1,2.4706,1,2.4995,1,2.5181,1
0.465,1,0.91766,1,1.3986,1,1.8287,1,2.0773,1,2.2439,1,2.3511,1,2.4205,1,2.4651,1,2.4939,1,2.5124,1
0.467,1,0.91797,1,1.3971,1,1.8256,1,2.0733,1,2.2393,1,2.346,1,2.4151,1,2.4597,1,2.4883,1,2.5068,1
0.469,1,0.91828,1,1.3957,1,1.8225,1,2.0693,1,2.2346,1,2.341,1,2.4098,1,2.4542,1,2.4827,1,2.5011,1
0.471,1,0.91859,1,1.3942,1,1.8194,1,2.0652,1,2.23,1,2.3359,1,2.4045,1,2.4487,1,2.4772,1,2.4954,1
0.473,1,0.9189,1,1.3927,1,1.8163,1,2.0612,1,2.2253,1,2.3309,1,2.3992,1,2.4432,1,2.4716,1,2.4898,1
0.475,1,0.9192,1,1.3912,1,1.8132,1,2.0572,1,2.2207,1,2.3258,1,2.3939,1,2.4378,1,2.466,1,2.4841,1
0.477,1,0.91951,1,1.3897,1,1.8101,1,2.0532,1,2.216,1,2.3208,1,2.3886,1,2.4323,1,2.4604,1,2.4785,1
0.479,1,0.91982,1,1.3882,1,1.807,1,2.0491,1,2.2114,1,2.3157,1,2.3833,1,2.4268,1,2.4548,1,2.4728,1
0.481,1,0.92013,1,1.3867,1,1.8039,1,2.0451,1,2.2067,1,2.3107,1,2.378,1,2.4213,1,2.4492,1,2.4672,1
0.483,1,0.92043,1,1.3852,1,1.8008,1,2.0411,1,2.2021,1,2.3056,1,2.3727,1,2.4158,1,2.4436,1,2.4615,1
0.485,1,0.92074,1,1.3837,1,1.7977,1,2.0371,1,2.1974,1,2.3006,1,2.3673,1,2.4104,1,2.4381,1,2.4559,1
0.487,1,0.92105,1,1.3822,1,1.7946,1,2.033,1,2.1928,1,2.2955,1,2.362,1,2.4049,1,2.4325,1,2.4502,1
0.489,1,0.92136,1,1.3807,1,1.7915,1,2.029,1,2.1881,1,2.2905,1,2.3567,1,2.3994,1,2.4269,1,2.4446,1
0.491,1,0.92167,1,1.3793,1,1.7884,1,2.025,1,2.1835,1,2.2854,1,2.3514,1,2.3939,1,2.4213,1,2.4389,1
0.493,1,0.92197,1,1.3778,1,1.7853,1,2.0209,1,2.1788,1,2.2804,1,2.3461,1,2.3885,1,2.4157,1,2.4333,1
0.495,1,0.92228,1,1.3763,1,1.7822,1,2.0169,1,2.1742,1,2.2753,1,2.3408,1,2.383,1,2.4101,1,2.4276,1
0.497,1,0.92259,1,1.3748,1,1.7791,1,2.0129,1,2.1695,1,2.2703,1,2.3355,1,2.3775,1,2.4046,1,2.4219,1
0.499,1,0.9229,1,1.3733,1,1.776,1,2.0089,1,2.1649,1,2.2652,1,2.3302,1,2.372,1,2.399,1,2.4163,1
0.501,1,0.9232,1,1.3718,1,1.7729,1,2.0048,1,2.1602,1,2.2602,1,2.3249,1,2.3666,1,2.3934,1,2.4106,1
0.503,1,0.92351,1,1.3703,1,1.7698,1,2.0008,1,2.1556,1,2.2551,1,2.3196,1,2.3611,1,2.3878,1,2.405,1
0.505,1,0.92382,1,1.3688,1,1.7667,1,1.9968,1,2.1509,1,2.2501,1,2.3142,1,2.3556,1,2.3822,1,2.3993,1
0.507,1,0.92413,1,1.3673,1,1.7636,1,1.9928,1,2.1463,1,2.245,1,2.3089,1,2.3501,1,2.3766,1,2.3937,1
0.509,1,0.92444,1,1.3658,1,1.7605,1,1.9887,1,2.1416,1,2.24,1,2.3036,1,2.3446,1,2.371,1,2.388,1
0.511,1,0.92474,1,1.3644,1,1.7575,1,1.9847,1,2.137,1,2.2349,1,2.2983,1,2.3392,1,2.3655,1,2.3824,1
0.513,1,0.92505,1,1.3629,1,1.7544,1,1.9807,1,2.1323,1,2.2299,1,2.293,1,2.3337,1,2.3599,1,2.3767,1
0.515,1,0.92536,1,1.3614,1,1.7513,1,1.9766,1,2.1277,1,2.2248,1,2.2877,1,2.3282,1,2.3543,1,2.3711,1
0.517,1,0.92567,1,1.3599,1,1.7482,1,1.9726,1,2.123,1,2.2198,1,2.2824,1,2.3227,1,2.3487,1,2.3654,1
0.519,1,0.92598,1,1.3584,1,1.7451,1,1.9686,1,2.1184,1,2.2147,1,2.2771,1,2.3173,1,2.3431,1,2.3598,1
0.521,1,0.92628,1,1.3569,1,1.742,1,1.9646,1,2.1137,1,2.2097,1,2.2718,1,2.3118,1,2.3375,1,2.3541,1
0.523,1,0.92659,1,1.3554,1,1.7389,1,1.9605,1,2.1091,1,2.2046,1,2.2665,1,2.3063,1,2.332,1,2.3484,1
0.525,1,0.9269,1,1.3539,1,1.7358,1,1.9565,1,2.1044,1,2.1996,1,2.2611,1,2.3008,1,2.3264,1,2.3428,1
0.527,1,0.92721,1,1.3524,1,1.7327,1,1.9525,1,2.0998,1,2.1945,1,2.2558,1,2.2954,1,2.3208,1,2.3371,1
0.529,1,0.92751,1,1.3509,1,1.7296,1,1.9485,1,2.0951,1,2.1895,1,2.2505,1,2.2899,1,2.3152,1,2.3315,1
0.531,1,0.92782,1,1.3495,1,1.7265,1,1.9444,1,2.0905,1,2.1844,1,2.2452,1,2.2844,1,2.3096,1,2.3258,1
0.533,1,0.92813,1,1.348,1,1.7234,1,1.9404,1,2.0858,1,2.1794,1,2.2399,1,2.2789,1,2.304,1,2.3202,1
0.535,1,0.92844,1,1.3465,1,1.7203,1,1.9364,1,2.0812,1,2.1743,1,2.2346,1,2.2734,1,2.2984,1,2.3145,1
0.537,1,0.92875,1,1.345,1,1.7172,1,1.9323,1,2.0765,1,2.1693,1,2.2293,1,2.268,1,2.2929,1,2.3089,1
0.539,1,0.92905,1,1.3435,1,1.7141,1,1.9283,1,2.0719,1,2.1642,1,2.224,1,2.2625,1,2.2873,1,2.3032,1
0.541,1,0.92936,1,1.342,1,1.711,1,1.9243,1,2.0672,1,2.1592,1,2.2187,1,2.257,1,2.2817,1,2.2976,1
0.543,1,0.92967,1,1.3405,1,1.7079,1,1.9203,1,2.0626,1,2.1541,1,2.2134,1,2.2515,1,2.2761,1,2.2919,1
0.545,1,0.92998,1,1.339,1,1.7048,1,1.9162,1,2.0579,1,2.1491,1,2.208,1,2.2461,1,2.2705,1,2.2863,1
0.547,1,0.93028,1,1.3375,1,1.7017,1,1.9122,1,2.0533,1,2.144,1,2.2027,1,2.2406,1,2.2649,1,2.2806,1
0.549,1,0.93059,1,1.336,1,1.6986,1,1.9082,1,2.0486,1,2.139,1,2.1974,1,2.2351,1,2.2594,1,2.2749,1
0.551,1,0.9309,1,1.3346,1,1.6955,1,1.9042,1,2.044,1,2.1339,1,2.1921,1,2.2296,1,2.2538,1,2.2693,1
0.553,1,0.93121,1,1.3331,1,1.6924,1,1.9001,1,2.0393,1,2.1289,1,2.1868,1,2.2241,1,2.2482,1,2.2636,1
0.555,1,0.93152,1,1.3316,1,1.6893,1,1.8961,1,2.0347,1,2.1238,1,2.1815,1,2.2187,1,2.2426,1,2.258,1
0.557,1,0.93182,1,1.3301,1,1.6862,1,1.8921,1,2.03,1,2.1188,1,2.1762,1,2.2132,1,2.237,1,2.2523,1
0.559,1,0.93213,1,1.3286,1,1.6831,1,1.888,1,2.0254,1,2.1137,1,2.1709,1,2.2077,1,2.2314,1,2.2467,1
0.561,1,0.93244,1,1.3271,1,1.68,1,1.884,1,2.0207,1,2.1087,1,2.1656,1,2.2022,1,2.2258,1,2.241,1
0.563,1,0.93275,1,1.3256,1,1.6769,1,1.88,1,2.0161,1,2.1036,1,2.1603,1,2.1968,1,2.2203,1,2.2354,1
0.565,1,0.93305,1,1.3241,1,1.6738,1,1.876,1,2.0114,1,2.0986,1,2.1549,1,2.1913,1,2.2147,1,2.2297,1
0.567,1,0.93336,1,1.3226,1,1.6707,1,1.8719,1,2.0068,1,2.0935,1,2.1496,1,2.1858,1,2.2091,1,2.2241,1
0.569,1,0.93367,1,1.3211,1,1.6676,1,1.8679,1,2.0021,1,2.0885,1,2.1443,1,2.1803,1,2.2035,1,2.2184,1
0.571,1,0.93398,1,1.3196,1,1.6645,1,1.8639,1,1.9975,1,2.0834,1,2.139,1,2.1749,1,2.1979,1,2.2128,1
0.573,1,0.93429,1,1.3182,1,1.6614,1,1.8598,1,1.9928,1,2.0783,1,2.1337,1,2.1694,1,2.1923,1,2.2071,1
0.575,1,0.93459,1,1.3167,1,1.6583,1,1.8558,1,1.9882,1,2.0733,1,2.1284,1,2.1639,1,2.1868,1,2.2014,1
0.577,1,0.9349,1,1.3152,1,1.6552,1,1.8518,1,1.9835,1,2.0682,1,2.1231,1,2.1584,1,2.1812,1,2.1958,1
0.579,1,0.93521,1,1.3137,1,1.6521,1,1.8478,1,1.9789,1,2.0632,1,2.1178,1,2.1529,1,2.1756,1,2.1901,1
0.581,1,0.93552,1,1.3122,1,1.649,1,1.8437,1,1.9742,1,2.0581,1,2.1125,1,2.1475,1,2.17,1,2.1845,1
0.583,1,0.93582,1,1.3107,1,1.6459,1,1.8397,1,1.9696,1,2.0531,1,2.1072,1,2.142,1,2.1644,1,2.1788,1
0.585,1,0.93613,1,1.3092,1,1.6428,1,1.8357,1,1.9649,1,2.048,1,2.1018,1,2.1365,1,2.1588,1,2.1732,1
0.587,1,0.93644,1,1.3077,1,1.6397,1,1.8317,1,1.9603,1,2.043,1,2.0965,1,2.131,1,2.1532,1,2.1675,1
0.589,1,0.93675,1,1.3062,1,1.6366,1,1.8276,1,1.9556,1,2.0379,1,2.0912,1,2.1256,1,2.1477,1,2.1619,1
0.591,1,0.93706,1,1.3047,1,1.6335,1,1.8236,1,1.951,1,2.0329,1,2.0859,1,2.1201,1,2.1421,1,2.1562,1
0.593,1,0.93736,1,1.3033,1,1.6304,1,1.8196,1,1.9463,1,2.0278,1,2.0806,1,2.1146,1,2.1365,1,2.1506,1
0.595,1,0.93767,1,1.3018,1,1.6273,1,1.8155,1,1.9417,1,2.0228,1,2.0753,1,2.1091,1,2.1309,1,2.1449,1
0.597,1,0.93798,1,1.3003,1,1.6242,1,1.8115,1,1.937,1,2.0177,1,2.07,1,2.1037,1,2.1253,1,2.1393,1
0.599,1,0.93829,1,1.2988,1,1.6211,1,1.8075,1,1.9324,1,2.0127,1,2.0647,1,2.0982,1,2.1197,1,2.1336,1
0.601,1,0.93859,1,1.2973,1,1.618,1,1.8035,1,1.9277,1,2.0076,1,2.0594,1,2.0927,1,2.1142,1,2.1279,1
0.603,1,0.9389,1,1.2958,1,1.6149,1,1.7994,1,1.9231,1,2.0026,1,2.0541,1,2.0872,1,2.1086,1,2.1223,1
0.605,1,0.93921,1,1.2943,1,1.6118,1,1.7954,1,1.9184,1,1.9975,1,2.0487,1,2.0817,1,2.103,1,2.1166,1
0.607,1,0.93952,1,1.2928,1,1.6087,1,1.7914,1,1.9138,1,1.9925,1,2.0434,1,2.0763,1,2.0974,1,2.111,1
0.609,1,0.93983,1,1.2913,1,1.6057,1,1.7874,1,1.9091,1,1.9874,1,2.0381,1,2.0708,1,2.0918,1,2.1053,1
0.611,1,0.94013,1,1.2898,1,1.6026,1,1.7833,1,1.9045,1,1.9824,1,2.0328,1,2.0653,1,2.0862,1,2.0997,1
0.613,1,0.94044,1,1.2884,1,1.5995,1,1.7793,1,1.8998,1,1.9773,1,2.0275,1,2.0598,1,2.0806,1,2.094,1
0.615,1,0.94075,1,1.2869,1,1.5964,1,1.7753,1,1.8952,1,1.9723,1,2.0222,1,2.0544,1,2.0751,1,2.0884,1
0.617,1,0.94106,1,1.2854,1,1.5933,1,1.7712,1,1.8905,1,1.9672,1,2.0169,1,2.0489,1,2.0695,1,2.0827,1
0.619,1,0.94136,1,1.2839,1,1.5902,1,1.7672,1,1.8859,1,1.9622,1,2.0116,1,2.0434,1,2.0639,1,2.0771,1
0.621,1,0.94167,1,1.2824,1,1.5871,1,1.7632,1,1.8812,1,1.9571,1,2.0063,1,2.0379,1,2.0583,1,2.0714,1
0.623,1,0.94198,1,1.2809,1,1.584,1,1.7592,1,1.8766,1,1.9521,1,2.001,1,2.0324,1,2.0527,1,2.0658,1
0.625,1,0.94229,1,1.2794,1,1.5809,1,1.7551,1,1.8719,1,1.947,1,1.9956,1,2.027,1,2.0471,1,2.0601,1
0.627,1,0.9426,1,1.2779,1,1.5778,1,1.7511,1,1.8673,1,1.942,1,1.9903,1,2.0215,1,2.0415,1,2.0544,1
0.629,1,0.9429,1,1.2764,1,1.5747,1,1.7471,1,1.8626,1,1.9369,1,1.985,1,2.016,1,2.036,1,2.0488,1
0.631,1,0.94321,1,1.2749,1,1.5716,1,1.7431,1,1.858,1,1.9319,1,1.9797,1,2.0105,1,2.0304,1,2.0431,1
0.633,1,0.94352,1,1.2735,1,1.5685,1,1.739,1,1.8533,1,1.9268,1,1.9744,1,2.0051,1,2.0248,1,2.0375,1
0.635,1,0.94383,1,1.272,1,1.5654,1,1.735,1,1.8487,1,1.9218,1,1.9691,1,1.9996,1,2.0192,1,2.0318,1
0.637,1,0.94414,1,1.2705,1,1.5623,1,1.731,1,1.844,1,1.9167,1,1.9638,1,1.9941,1,2.0136,1,2.0262,1
0.639,1,0.94444,1,1.269,1,1.5592,1,1.7269,1,1.8394,1,1.9117,1,1.9585,1,1.9886,1,2.008,1,2.0205,1
0.641,1,0.94475,1,1.2675,1,1.5561,1,1.7229,1,1.8347,1,1.9066,1,1.9532,1,1.9832,1,2.0025,1,2.0149,1
0.643,1,0.94506,1,1.266,1,1.553,1,1.7189,1,1.8301,1,1.9016,1,1.9479,1,1.9777,1,1.9969,1,2.0092,1
0.645,1,0.94537,1,1.2645,1,1.5499,1,1.7149,1,1.8254,1,1.8965,1,1.9425,1,1.9722,1,1.9913,1,2.0036,1
0.647,1,0.94567,1,1.263,1,1.5468,1,1.7108,1,1.8208,1,1.8915,1,1.9372,1,1.9667,1,1.9857,1,1.9979,1
0.649,1,0.94598,1,1.2615,1,1.5437,1,1.7068,1,1.8161,1,1.8864,1,1.9319,1,1.9612,1,1.9801,1,1.9923,1
0.651,1,0.94629,1,1.26,1,1.5406,1,1.7028,1,1.8115,1,1.8814,1,1.9266,1,1.9558,1,1.9745,1,1.9866,1
0.653,1,0.9466,1,1.2586,1,1.5375,1,1.6988,1,1.8068,1,1.8763,1,1.9213,1,1.9503,1,1.9689,1,1.9809,1
0.655,1,0.94691,1,1.2571,1,1.5344,1,1.6947,1,1.8022,1,1.8713,1,1.916,1,1.9448,1,1.9634,1,1.9753,1
0.657,1,0.94721,1,1.2556,1,1.5313,1,1.6907,1,1.7975,1,1.8662,1,1.9107,1,1.9393,1,1.9578,1,1.9696,1
0.659,1,0.94752,1,1.2541,1,1.5282,1,1.6867,1,1.7929,1,1.8612,1,1.9054,1,1.9339,1,1.9522,1,1.964,1
0.661,1,0.94783,1,1.2526,1,1.5251,1,1.6826,1,1.7882,1,1.8561,1,1.9001,1,1.9284,1,1.9466,1,1.9583,1
0.663,1,0.94814,1,1.2511,1,1.522,1,1.6786,1,1.7836,1,1.8511,1,1.8948,1,1.9229,1,1.941,1,1.9527,1
0.665,1,0.94844,1,1.2496,1,1.5189,1,1.6746,1,1.7789,1,1.846,1,1.8894,1,1.9174,1,1.9354,1,1.947,1
0.667,1,0.94875,1,1.2481,1,1.5158,1,1.6706,1,1.7743,1,1.841,1,1.8841,1,1.9119,1,1.9299,1,1.9414,1
0.669,1,0.94906,1,1.2466,1,1.5127,1,1.6665,1,1.7696,1,1.8359,1,1.8788,1,1.9065,1,1.9243,1,1.9357,1
0.671,1,0.94937,1,1.2451,1,1.5096,1,1.6625,1,1.765,1,1.8309,1,1.8735,1,1.901,1,1.9187,1,1.9301,1
0.673,1,0.94968,1,1.2436,1,1.5065,1,1.6585,1,1.7603,1,1.8258,1,1.8682,1,1.8955,1,1.9131,1,1.9244,1
0.675,1,0.94998,1,1.2422,1,1.5034,1,1.6545,1,1.7556,1,1.8208,1,1.8629,1,1.89,1,1.9075,1,1.9188,1
0.677,1,0.95029,1,1.2407,1,1.5003,1,1.6504,1,1.751,1,1.8157,1,1.8576,1,1.8846,1,1.9019,1,1.9131,1
0.679,1,0.9506,1,1.2392,1,1.4972,1,1.6464,1,1.7463,1,1.8107,1,1.8523,1,1.8791,1,1.8963,1,1.9074,1
0.681,1,0.95091,1,1.2377,1,1.4941,1,1.6424,1,1.7417,1,1.8056,1,1.847,1,1.8736,1,1.8908,1,1.9018,1
0.683,1,0.95121,1,1.2362,1,1.491,1,1.6383,1,1.737,1,1.8006,1,1.8417,1,1.8681,1,1.8852,1,1.8961,1
0.685,1,0.95152,1,1.2347,1,1.4879,1,1.6343,1,1.7324,1,1.7955,1,1.8363,1,1.8627,1,1.8796,1,1.8905,1
0.687,1,0.95183,1,1.2332,1,1.4848,1,1.6303,1,1.7277,1,1.7905,1,1.831,1,1.8572,1,1.874,1,1.8848,1
0.689,1,0.95214,1,1.2317,1,1.4817,1,1.6263,1,1.7231,1,1.7854,1,1.8257,1,1.8517,1,1.8684,1,1.8792,1
0.691,1,0.95245,1,1.2302,1,1.4786,1,1.6222,1,1.7184,1,1.7804,1,1.8204,1,1.8462,1,1.8628,1,1.8735,1
0.693,1,0.95275,1,1.2287,1,1.4755,1,1.6182,1,1.7138,1,1.7753,1,1.8151,1,1.8407,1,1.8573,1,1.8679,1
0.695,1,0.95306,1,1.2273,1,1.4724,1,1.6142,1,1.7091,1,1.7702,1,1.8098,1,1.8353,1,1.8517,1,1.8622,1
0.697,1,0.95337,1,1.2258,1,1.4693,1,1.6102,1,1.7045,1,1.7652,1,1.8045,1,1.8298,1,1.8461,1,1.8566,1
0.699,1,0.95368,1,1.2243,1,1.4662,1,1.6061,1,1.6998,1,1.7601,1,1.7992,1,1.8243,1,1.8405,1,1.8509,1
0.701,1,0.95398,1,1.2228,1,1.4631,1,1.6021,1,1.6952,1,1.7551,1,1.7939,1,1.8188,1,1.8349,1,1.8453,1
0.703,1,0.95429,1,1.2213,1,1.46,1,1.5981,1,1.6905,1,1.75,1,1.7885,1,1.8134,1,1.8293,1,1.8396,1
0.705,1,0.9546,1,1.2198,1,1.4569,1,1.594,1,1.6859,1,1.745,1,1.7832,1,1.8079,1,1.8237,1,1.8339,1
0.707,1,0.95491,1,1.2183,1,1.4539,1,1.59,1,1.6812,1,1.7399,1,1.7779,1,1.8024,1,1.8182,1,1.8283,1
0.709,1,0.95522,1,1.2168,1,1.4508,1,1.586,1,1.6766,1,1.7349,1,1.7726,1,1.7969,1,1.8126,1,1.8226,1
0.711,1,0.95552,1,1.2153,1,1.4477,1,1.582,1,1.6719,1,1.7298,1,1.7673,1,1.7915,1,1.807,1,1.817,1
0.713,1,0.95583,1,1.2138,1,1.4446,1,1.5779,1,1.6673,1,1.7248,1,1.762,1,1.786,1,1.8014,1,1.8113,1
0.715,1,0.95614,1,1.2124,1,1.4415,1,1.5739,1,1.6626,1,1.7197,1,1.7567,1,1.7805,1,1.7958,1,1.8057,1
0.717,1,0.95645,1,1.2109,1,1.4384,1,1.5699,1,1.658,1,1.7147,1,1.7514,1,1.775,1,1.7902,1,1.8,1
0.719,1,0.95675,1,1.2094,1,1.4353,1,1.5658,1,1.6533,1,1.7096,1,1.7461,1,1.7695,1,1.7847,1,1.7944,1
0.721,1,0.95706,1,1.2079,1,1.4322,1,1.5618,1,1.6487,1,1.7046,1,1.7408,1,1.7641,1,1.7791,1,1.7887,1
0.723,1,0.95737,1,1.2064,1,1.4291,1,1.5578,1,1.644,1,1.6995,1,1.7354,1,1.7586,1,1.7735,1,1.7831,1
0.725,1,0.95768,1,1.2049,1,1.426,1,1.5538,1,1.6394,1,1.6945,1,1.7301,1,1.7531,1,1.7679,1,1.7774,1
0.727,1,0.95799,1,1.2034,1,1.4229,1,1.5497,1,1.6347,1,1.6894,1,1.7248,1,1.7476,1,1.7623,1,1.7718,1
0.729,1,0.95829,1,1.2019,1,1.4198,1,1.5457,1,1.6301,1,1.6844,1,1.7195,1,1.7422,1,1.7567,1,1.7661,1
0.731,1,0.9586,1,1.2004,1,1.4167,1,1.5417,1,1.6254,1,1.6793,1,1.7142,1,1.7367,1,1.7511,1,1.7604,1
0.733,1,0.95891,1,1.1989,1,1.4136,1,1.5377,1,1.6208,1,1.6743,1,1.7089,1,1.7312,1,1.7456,1,1.7548,1
0.735,1,0.95922,1,1.1975,1,1.4105,1,1.5336,1,1.6161,1,1.6692,1,1.7036,1,1.7257,1,1.74,1,1.7491,1
0.737,1,0.95952,1,1.196,1,1.4074,1,1.5296,1,1.6115,1,1.6642,1,1.6983,1,1.7202,1,1.7344,1,1.7435,1
0.739,1,0.95983,1,1.1945,1,1.4043,1,1.5256,1,1.6068,1,1.6591,1,1.693,1,1.7148,1,1.7288,1,1.7378,1
0.741,1,0.96014,1,1.193,1,1.4012,1,1.5215,1,1.6022,1,1.6541,1,1.6877,1,1.7093,1,1.7232,1,1.7322,1
0.743,1,0.96045,1,1.1915,1,1.3981,1,1.5175,1,1.5975,1,1.649,1,1.6823,1,1.7038,1,1.7176,1,1.7265,1
0.745,1,0.96076,1,1.19,1,1.395,1,1.5135,1,1.5929,1,1.644,1,1.677,1,1.6983,1,1.7121,1,1.7209,1
0.747,1,0.96106,1,1.1885,1,1.3919,1,1.5095,1,1.5882,1,1.6389,1,1.6717,1,1.6929,1,1.7065,1,1.7152,1
0.749,1,0.96137,1,1.187,1,1.3888,1,1.5054,1,1.5836,1,1.6339,1,1.6664,1,1.6874,1,1.7009,1,1.7096,1
0.751,1,0.96168,1,1.1855,1,1.3857,1,1.5014,1,1.5789,1,1.6288,1,1.6611,1,1.6819,1,1.6953,1,1.7039,1
0.753,1,0.96199,1,1.184,1,1.3826,1,1.4974,1,1.5743,1,1.6238,1,1.6558,1,1.6764,1,1.6897,1,1.6983,1
0.755,1,0.9623,1,1.1826,1,1.3795,1,1.4934,1,1.5696,1,1.6187,1,1.6505,1,1.671,1,1.6841,1,1.6926,1
0.757,1,0.9626,1,1.1811,1,1.3764,1,1.4893,1,1.565,1,1.6137,1,1.6452,1,1.6655,1,1.6785,1,1.6869,1
0.759,1,0.96291,1,1.1796,1,1.3733,1,1.4853,1,1.5603,1,1.6086,1,1.6399,1,1.66,1,1.673,1,1.6813,1
0.761,1,0.96322,1,1.1781,1,1.3702,1,1.4813,1,1.5557,1,1.6036,1,1.6346,1,1.6545,1,1.6674,1,1.6756,1
0.763,1,0.96353,1,1.1766,1,1.3671,1,1.4772,1,1.551,1,1.5985,1,1.6292,1,1.649,1,1.6618,1,1.67,1
0.765,1,0.96383,1,1.1751,1,1.364,1,1.4732,1,1.5464,1,1.5935,1,1.6239,1,1.6436,1,1.6562,1,1.6643,1
0.767,1,0.96414,1,1.1736,1,1.3609,1,1.4692,1,1.5417,1,1.5884,1,1.6186,1,1.6381,1,1.6506,1,1.6587,1
0.769,1,0.96445,1,1.1721,1,1.3578,1,1.4652,1,1.5371,1,1.5834,1,1.6133,1,1.6326,1,1.645,1,1.653,1
0.771,1,0.96476,1,1.1706,1,1.3547,1,1.4611,1,1.5324,1,1.5783,1,1.608,1,1.6271,1,1.6394,1,1.6474,1
0.773,1,0.96507,1,1.1691,1,1.3516,1,1.4571,1,1.5278,1,1.5733,1,1.6027,1,1.6217,1,1.6339,1,1.6417,1
0.775,1,0.96537,1,1.1676,1,1.3485,1,1.4531,1,1.5231,1,1.5682,1,1.5974,1,1.6162,1,1.6283,1,1.6361,1
0.777,1,0.96568,1,1.1662,1,1.3454,1,1.4491,1,1.5185,1,1.5632,1,1.5921,1,1.6107,1,1.6227,1,1.6304,1
0.779,1,0.96599,1,1.1647,1,1.3423,1,1.445,1,1.5138,1,1.5581,1,1.5868,1,1.6052,1,1.6171,1,1.6248,1
0.781,1,0.9663,1,1.1632,1,1.3392,1,1.441,1,1.5092,1,1.5531,1,1.5815,1,1.5998,1,1.6115,1,1.6191,1
0.783,1,0.9666,1,1.1617,1,1.3361,1,1.437,1,1.5045,1,1.548,1,1.5761,1,1.5943,1,1.6059,1,1.6134,1
0.785,1,0.96691,1,1.1602,1,1.333,1,1.4329,1,1.4999,1,1.543,1,1.5708,1,1.5888,1,1.6004,1,1.6078,1
0.787,1,0.96722,1,1.1587,1,1.3299,1,1.4289,1,1.4952,1,1.5379,1,1.5655,1,1.5833,1,1.5948,1,1.6021,1
0.789,1,0.96753,1,1.1572,1,1.3268,1,1.4249,1,1.4906,1,1.5329,1,1.5602,1,1.5778,1,1.5892,1,1.5965,1
0.791,1,0.96784,1,1.1557,1,1.3237,1,1.4209,1,1.4859,1,1.5278,1,1.5549,1,1.5724,1,1.5836,1,1.5908,1
0.793,1,0.96814,1,1.1542,1,1.3206,1,1.4168,1,1.4813,1,1.5228,1,1.5496,1,1.5669,1,1.578,1,1.5852,1
0.795,1,0.96845,1,1.1527,1,1.3175,1,1.4128,1,1.4766,1,1.5177,1,1.5443,1,1.5614,1,1.5724,1,1.5795,1
0.797,1,0.96876,1,1.1513,1,1.3144,1,1.4088,1,1.472,1,1.5127,1,1.539,1,1.5559,1,1.5668,1,1.5739,1
0.799,1,0.96907,1,1.1498,1,1.3113,1,1.4048,1,1.4673,1,1.5076,1,1.5337,1,1.5505,1,1.5613,1,1.5682,1
0.801,1,0.96937,1,1.1483,1,1.3082,1,1.4007,1,1.4627,1,1.5026,1,1.5284,1,1.545,1,1.5557,1,1.5626,1
0.803,1,0.96968,1,1.1468,1,1.3051,1,1.3967,1,1.458,1,1.4975,1,1.523,1,1.5395,1,1.5501,1,1.5569,1
0.805,1,0.96999,1,1.1453,1,1.3021,1,1.3927,1,1.4534,1,1.4925,1,1.5177,1,1.534,1,1.5445,1,1.5513,1
0.807,1,0.9703,1,1.1438,1,1.299,1,1.3886,1,1.4487,1,1.4874,1,1.5124,1,1.5285,1,1.5389,1,1.5456,1
0.809,1,0.97061,1,1.1423,1,1.2959,1,1.3846,1,1.4441,1,1.4824,1,1.5071,1,1.5231,1,1.5333,1,1.5399,1
0.811,1,0.97091,1,1.1408,1,1.2928,1,1.3806,1,1.4394,1,1.4773,1,1.5018,1,1.5176,1,1.5278,1,1.5343,1
0.813,1,0.97122,1,1.1393,1,1.2897,1,1.3766,1,1.4348,1,1.4723,1,1.4965,1,1.5121,1,1.5222,1,1.5286,1
0.815,1,0.97153,1,1.1378,1,1.2866,1,1.3725,1,1.4301,1,1.4672,1,1.4912,1,1.5066,1,1.5166,1,1.523,1
0.817,1,0.97184,1,1.1364,1,1.2835,1,1.3685,1,1.4255,1,1.4621,1,1.4859,1,1.5012,1,1.511,1,1.5173,1
0.819,1,0.97214,1,1.1349,1,1.2804,1,1.3645,1,1.4208,1,1.4571,1,1.4806,1,1.4957,1,1.5054,1,1.5117,1
0.821,1,0.97245,1,1.1334,1,1.2773,1,1.3605,1,1.4162,1,1.452,1,1.4753,1,1.4902,1,1.4998,1,1.506,1
0.823,1,0.97276,1,1.1319,1,1.2742,1,1.3564,1,1.4115,1,1.447,1,1.4699,1,1.4847,1,1.4942,1,1.5004,1
0.825,1,0.97307,1,1.1304,1,1.2711,1,1.3524,1,1.4069,1,1.4419,1,1.4646,1,1.4793,1,1.4887,1,1.4947,1
0.827,1,0.97338,1,1.1289,1,1.268,1,1.3484,1,1.4022,1,1.4369,1,1.4593,1,1.4738,1,1.4831,1,1.4891,1
0.829,1,0.97368,1,1.1274,1,1.2649,1,1.3443,1,1.3976,1,1.4318,1,1.454,1,1.4683,1,1.4775,1,1.4834,1
0.831,1,0.97399,1,1.1259,1,1.2618,1,1.3403,1,1.3929,1,1.4268,1,1.4487,1,1.4628,1,1.4719,1,1.4778,1
0.833,1,0.9743,1,1.1244,1,1.2587,1,1.3363,1,1.3883,1,1.4217,1,1.4434,1,1.4573,1,1.4663,1,1.4721,1
0.835,1,0.97461,1,1.1229,1,1.2556,1,1.3323,1,1.3836,1,1.4167,1,1.4381,1,1.4519,1,1.4607,1,1.4664,1
0.837,1,0.97491,1,1.1215,1,1.2525,1,1.3282,1,1.379,1,1.4116,1,1.4328,1,1.4464,1,1.4552,1,1.4608,1
0.839,1,0.97522,1,1.12,1,1.2494,1,1.3242,1,1.3743,1,1.4066,1,1.4275,1,1.4409,1,1.4496,1,1.4551,1
0.841,1,0.97553,1,1.1185,1,1.2463,1,1.3202,1,1.3697,1,1.4015,1,1.4222,1,1.4354,1,1.444,1,1.4495,1
0.843,1,0.97584,1,1.117,1,1.2432,1,1.3162,1,1.365,1,1.3965,1,1.4168,1,1.43,1,1.4384,1,1.4438,1
0.845,1,0.97615,1,1.1155,1,1.2401,1,1.3121,1,1.3604,1,1.3914,1,1.4115,1,1.4245,1,1.4328,1,1.4382,1
0.847,1,0.97645,1,1.114,1,1.237,1,1.3081,1,1.3557,1,1.3864,1,1.4062,1,1.419,1,1.4272,1,1.4325,1
0.849,1,0.97676,1,1.1125,1,1.2339,1,1.3041,1,1.3511,1,1.3813,1,1.4009,1,1.4135,1,1.4216,1,1.4269,1
0.851,1,0.97707,1,1.111,1,1.2308,1,1.3,1,1.3464,1,1.3763,1,1.3956,1,1.408,1,1.4161,1,1.4212,1
0.853,1,0.97738,1,1.1095,1,1.2277,1,1.296,1,1.3418,1,1.3712,1,1.3903,1,1.4026,1,1.4105,1,1.4156,1
0.855,1,0.97768,1,1.108,1,1.2246,1,1.292,1,1.3371,1,1.3662,1,1.385,1,1.3971,1,1.4049,1,1.4099,1
0.857,1,0.97799,1,1.1065,1,1.2215,1,1.288,1,1.3325,1,1.3611,1,1.3797,1,1.3916,1,1.3993,1,1.4043,1
0.859,1,0.9783,1,1.1051,1,1.2184,1,1.2839,1,1.3278,1,1.3561,1,1.3744,1,1.3861,1,1.3937,1,1.3986,1
0.861,1,0.97861,1,1.1036,1,1.2153,1,1.2799,1,1.3232,1,1.351,1,1.3691,1,1.3807,1,1.3881,1,1.3929,1
0.863,1,0.97892,1,1.1021,1,1.2122,1,1.2759,1,1.3185,1,1.346,1,1.3637,1,1.3752,1,1.3826,1,1.3873,1
0.865,1,0.97922,1,1.1006,1,1.2091,1,1.2718,1,1.3139,1,1.3409,1,1.3584,1,1.3697,1,1.377,1,1.3816,1
0.867,1,0.97953,1,1.0991,1,1.206,1,1.2678,1,1.3092,1,1.3359,1,1.3531,1,1.3642,1,1.3714,1,1.376,1
0.869,1,0.97984,1,1.0976,1,1.2029,1,1.2638,1,1.3046,1,1.3308,1,1.3478,1,1.3588,1,1.3658,1,1.3703,1
0.871,1,0.98015,1,1.0961,1,1.1998,1,1.2598,1,1.2999,1,1.3258,1,1.3425,1,1.3533,1,1.3602,1,1.3647,1
0.873,1,0.98045,1,1.0946,1,1.1967,1,1.2557,1,1.2953,1,1.3207,1,1.3372,1,1.3478,1,1.3546,1,1.359,1
0.875,1,0.98076,1,1.0931,1,1.1936,1,1.2517,1,1.2906,1,1.3157,1,1.3319,1,1.3423,1,1.349,1,1.3534,1
0.877,1,0.98107,1,1.0916,1,1.1905,1,1.2477,1,1.286,1,1.3106,1,1.3266,1,1.3368,1,1.3435,1,1.3477,1
0.879,1,0.98138,1,1.0902,1,1.1874,1,1.2437,1,1.2813,1,1.3056,1,1.3213,1,1.3314,1,1.3379,1,1.3421,1
0.881,1,0.98169,1,1.0887,1,1.1843,1,1.2396,1,1.2767,1,1.3005,1,1.316,1,1.3259,1,1.3323,1,1.3364,1
0.883,1,0.98199,1,1.0872,1,1.1812,1,1.2356,1,1.272,1,1.2955,1,1.3106,1,1.3204,1,1.3267,1,1.3308,1
0.885,1,0.9823,1,1.0857,1,1.1781,1,1.2316,1,1.2674,1,1.2904,1,1.3053,1,1.3149,1,1.3211,1,1.3251,1
0.887,1,0.98261,1,1.0842,1,1.175,1,1.2275,1,1.2627,1,1.2854,1,1.3,1,1.3095,1,1.3155,1,1.3194,1
0.889,1,0.98292,1,1.0827,1,1.1719,1,1.2235,1,1.2581,1,1.2803,1,1.2947,1,1.304,1,1.31,1,1.3138,1
0.891,1,0.98323,1,1.0812,1,1.1688,1,1.2195,1,1.2534,1,1.2753,1,1.2894,1,1.2985,1,1.3044,1,1.3081,1
0.893,1,0.98353,1,1.0797,1,1.1657,1,1.2155,1,1.2488,1,1.2702,1,1.2841,1,1.293,1,1.2988,1,1.3025,1
0.895,1,0.98384,1,1.0782,1,1.1626,1,1.2114,1,1.2441,1,1.2652,1,1.2788,1,1.2876,1,1.2932,1,1.2968,1
0.897,1,0.98415,1,1.0767,1,1.1595,1,1.2074,1,1.2395,1,1.2601,1,1.2735,1,1.2821,1,1.2876,1,1.2912,1
0.899,1,0.98446,1,1.0753,1,1.1564,1,1.2034,1,1.2348,1,1.2551,1,1.2682,1,1.2766,1,1.282,1,1.2855,1
0.901,1,0.98476,1,1.0738,1,1.1533,1,1.1994,1,1.2302,1,1.25,1,1.2628,1,1.2711,1,1.2764,1,1.2799,1
0.903,1,0.98507,1,1.0723,1,1.1503,1,1.1953,1,1.2255,1,1.245,1,1.2575,1,1.2656,1,1.2709,1,1.2742,1
0.905,1,0.98538,1,1.0708,1,1.1472,1,1.1913,1,1.2209,1,1.2399,1,1.2522,1,1.2602,1,1.2653,1,1.2686,1
0.907,1,0.98569,1,1.0693,1,1.1441,1,1.1873,1,1.2162,1,1.2349,1,1.2469,1,1.2547,1,1.2597,1,1.2629,1
0.909,1,0.986,1,1.0678,1,1.141,1,1.1832,1,1.2116,1,1.2298,1,1.2416,1,1.2492,1,1.2541,1,1.2573,1
0.911,1,0.9863,1,1.0663,1,1.1379,1,1.1792,1,1.2069,1,1.2248,1,1.2363,1,1.2437,1,1.2485,1,1.2516,1
0.913,1,0.98661,1,1.0648,1,1.1348,1,1.1752,1,1.2023,1,1.2197,1,1.231,1,1.2383,1,1.2429,1,1.2459,1
0.915,1,0.98692,1,1.0633,1,1.1317,1,1.1712,1,1.1976,1,1.2147,1,1.2257,1,1.2328,1,1.2374,1,1.2403,1
0.917,1,0.98723,1,1.0618,1,1.1286,1,1.1671,1,1.193,1,1.2096,1,1.2204,1,1.2273,1,1.2318,1,1.2346,1
0.919,1,0.98753,1,1.0604,1,1.1255,1,1.1631,1,1.1883,1,1.2046,1,1.2151,1,1.2218,1,1.2262,1,1.229,1
0.921,1,0.98784,1,1.0589,1,1.1224,1,1.1591,1,1.1837,1,1.1995,1,1.2097,1,1.2163,1,1.2206,1,1.2233,1
0.923,1,0.98815,1,1.0574,1,1.1193,1,1.1551,1,1.179,1,1.1945,1,1.2044,1,1.2109,1,1.215,1,1.2177,1
0.925,1,0.98846,1,1.0559,1,1.1162,1,1.151,1,1.1744,1,1.1894,1,1.1991,1,1.2054,1,1.2094,1,1.212,1
0.927,1,0.98877,1,1.0544,1,1.1131,1,1.147,1,1.1697,1,1.1844,1,1.1938,1,1.1999,1,1.2038,1,1.2064,1
0.929,1,0.98907,1,1.0529,1,1.11,1,1.143,1,1.1651,1,1.1793,1,1.1885,1,1.1944,1,1.1983,1,1.2007,1
0.931,1,0.98938,1,1.0514,1,1.1069,1,1.1389,1,1.1604,1,1.1743,1,1.1832,1,1.189,1,1.1927,1,1.1951,1
0.933,1,0.98969,1,1.0499,1,1.1038,1,1.1349,1,1.1558,1,1.1692,1,1.1779,1,1.1835,1,1.1871,1,1.1894,1
0.935,1,0.99,1,1.0484,1,1.1007,1,1.1309,1,1.1511,1,1.1642,1,1.1726,1,1.178,1,1.1815,1,1.1838,1
0.937,1,0.9903,1,1.0469,1,1.0976,1,1.1269,1,1.1465,1,1.1591,1,1.1673,1,1.1725,1,1.1759,1,1.1781,1
0.939,1,0.99061,1,1.0455,1,1.0945,1,1.1228,1,1.1418,1,1.154,1,1.162,1,1.1671,1,1.1703,1,1.1724,1
0.941,1,0.99092,1,1.044,1,1.0914,1,1.1188,1,1.1372,1,1.149,1,1.1566,1,1.1616,1,1.1647,1,1.1668,1
0.943,1,0.99123,1,1.0425,1,1.0883,1,1.1148,1,1.1325,1,1.1439,1,1.1513,1,1.1561,1,1.1592,1,1.1611,1
0.945,1,0.99154,1,1.041,1,1.0852,1,1.1108,1,1.1279,1,1.1389,1,1.146,1,1.1506,1,1.1536,1,1.1555,1
0.947,1,0.99184,1,1.0395,1,1.0821,1,1.1067,1,1.1232,1,1.1338,1,1.1407,1,1.1451,1,1.148,1,1.1498,1
0.949,1,0.99215,1,1.038,1,1.079,1,1.1027,1,1.1186,1,1.1288,1,1.1354,1,1.1397,1,1.1424,1,1.1442,1
0.951,1,0.99246,1,1.0365,1,1.0759,1,1.0987,1,1.1139,1,1.1237,1,1.1301,1,1.1342,1,1.1368,1,1.1385,1
0.953,1,0.99277,1,1.035,1,1.0728,1,1.0946,1,1.1093,1,1.1187,1,1.1248,1,1.1287,1,1.1312,1,1.1329,1
0.955,1,0.99307,1,1.0335,1,1.0697,1,1.0906,1,1.1046,1,1.1136,1,1.1195,1,1.1232,1,1.1257,1,1.1272,1
0.957,1,0.99338,1,1.032,1,1.0666,1,1.0866,1,1.1,1,1.1086,1,1.1142,1,1.1178,1,1.1201,1,1.1216,1
0.959,1,0.99369,1,1.0305,1,1.0635,1,1.0826,1,1.0953,1,1.1035,1,1.1089,1,1.1123,1,1.1145,1,1.1159,1
0.961,1,0.994,1,1.0291,1,1.0604,1,1.0785,1,1.0907,1,1.0985,1,1.1035,1,1.1068,1,1.1089,1,1.1103,1
0.963,1,0.99431,1,1.0276,1,1.0573,1,1.0745,1,1.086,1,1.0934,1,1.0982,1,1.1013,1,1.1033,1,1.1046,1
0.965,1,0.99461,1,1.0261,1,1.0542,1,1.0705,1,1.0814,1,1.0884,1,1.0929,1,1.0959,1,1.0977,1,1.0989,1
0.967,1,0.99492,1,1.0246,1,1.0511,1,1.0665,1,1.0767,1,1.0833,1,1.0876,1,1.0904,1,1.0921,1,1.0933,1
0.969,1,0.99523,1,1.0231,1,1.048,1,1.0624,1,1.0721,1,1.0783,1,1.0823,1,1.0849,1,1.0866,1,1.0876,1
0.971,1,0.99554,1,1.0216,1,1.0449,1,1.0584,1,1.0674,1,1.0732,1,1.077,1,1.0794,1,1.081,1,1.082,1
0.973,1,0.99584,1,1.0201,1,1.0418,1,1.0544,1,1.0628,1,1.0682,1,1.0717,1,1.0739,1,1.0754,1,1.0763,1
0.975,1,0.99615,1,1.0186,1,1.0387,1,1.0503,1,1.0581,1,1.0631,1,1.0664,1,1.0685,1,1.0698,1,1.0707,1
0.977,1,0.99646,1,1.0171,1,1.0356,1,1.0463,1,1.0535,1,1.0581,1,1.0611,1,1.063,1,1.0642,1,1.065,1
0.979,1,0.99677,1,1.0156,1,1.0325,1,1.0423,1,1.0488,1,1.053,1,1.0558,1,1.0575,1,1.0586,1,1.0594,1
0.981,1,0.99708,1,1.0142,1,1.0294,1,1.0383,1,1.0442,1,1.048,1,1.0504,1,1.052,1,1.0531,1,1.0537,1
0.983,1,0.99738,1,1.0127,1,1.0263,1,1.0342,1,1.0395,1,1.0429,1,1.0451,1,1.0466,1,1.0475,1,1.0481,1
0.985,1,0.99769,1,1.0112,1,1.0232,1,1.0302,1,1.0349,1,1.0379,1,1.0398,1,1.0411,1,1.0419,1,1.0424,1
0.987,1,0.998,1,1.0097,1,1.0201,1,1.0262,1,1.0302,1,1.0328,1,1.0345,1,1.0356,1,1.0363,1,1.0368,1
0.989,1,0.99831,1,1.0082,1,1.017,1,1.0222,1,1.0256,1,1.0278,1,1.0292,1,1.0301,1,1.0307,1,1.0311,1
0.991,1,0.99861,1,1.0067,1,1.0139,1,1.0181,1,1.0209,1,1.0227,1,1.0239,1,1.0246,1,1.0251,1,1.0254,1
0.993,1,0.99892,1,1.0052,1,1.0108,1,1.0141,1,1.0163,1,1.0177,1,1.0186,1,1.0192,1,1.0195,1,1.0198,1
0.995,1,0.99923,1,1.0037,1,1.0077,1,1.0101,1,1.0116,1,1.0126,1,1.0133,1,1.0137,1,1.014,1,1.0141,1
0.997,1,0.99954,1,1.0022,1,1.0046,1,1.006,1,1.007,1,1.0076,1,1.008,1,1.0082,1,1.0084,1,1.0085,1
0.999,1,0.99985,1,1.0007,1,1.0015,1,1.002,1,1.0023,1,1.0025,1,1.0027,1,1.0027,1,1.0028,1,1.0028,1
