0.00066667,1.2658,0,1.8742,0,2.4182,0,2.9143,0,3.2523,0,3.493,0,3.6587,0,3.7731,0,3.8528,0,3.9094,0,3.9509
0.002,1.264,0.0030255,1.8704,0.0048235,2.412,0.0064313,2.9061,0.0073607,3.2428,0.0079835,3.4827,0.0083841,3.6478,0.0086434,3.7618,0.0088105,3.8412,0.008918,3.8976,0.0089872,3.9389
0.0033333,1.2623,0.0060511,1.8666,0.0096471,2.4059,0.012863,2.8979,0.014721,3.2334,0.015967,3.4724,0.016768,3.6369,0.017287,3.7505,0.017621,3.8295,0.017836,3.8858,0.017974,3.927
0.0046667,1.2605,0.0090766,1.8628,0.014471,2.3998,0.019294,2.8897,0.022082,3.2239,0.02395,3.4621,0.025152,3.626,0.02593,3.7392,0.026432,3.8179,0.026754,3.8739,0.026962,3.915
0.006,1.2588,0.012102,1.859,0.019294,2.3937,0.025725,2.8815,0.029443,3.2145,0.031934,3.4518,0.033537,3.6151,0.034574,3.7278,0.035242,3.8063,0.035672,3.8621,0.035949,3.903
0.0073333,1.2571,0.015128,1.8552,0.024118,2.3876,0.032156,2.8733,0.036804,3.205,0.039917,3.4414,0.041921,3.6042,0.043217,3.7165,0.044053,3.7947,0.04459,3.8503,0.044936,3.891
0.0086667,1.2554,0.018153,1.8514,0.028941,2.3815,0.038588,2.8651,0.044164,3.1956,0.047901,3.4311,0.050305,3.5933,0.051861,3.7052,0.052863,3.7831,0.053508,3.8384,0.053923,3.8789
0.01,1.2537,0.021179,1.8476,0.033765,2.3754,0.045019,2.8569,0.051525,3.1861,0.055884,3.4208,0.058689,3.5823,0.060504,3.6938,0.061674,3.7714,0.062426,3.8266,0.06291,3.8669
0.011333,1.252,0.024204,1.8438,0.038588,2.3693,0.05145,2.8488,0.058886,3.1767,0.063868,3.4104,0.067073,3.5714,0.069147,3.6825,0.070484,3.7598,0.071344,3.8147,0.071897,3.8549
0.012667,1.2504,0.02723,1.84,0.043412,2.3632,0.057882,2.8406,0.066247,3.1672,0.071851,3.4001,0.075457,3.5605,0.077791,3.6712,0.079295,3.7482,0.080262,3.8029,0.080885,3.8429
0.014,1.2487,0.030255,1.8362,0.048235,2.3571,0.064313,2.8324,0.073607,3.1578,0.079835,3.3898,0.083841,3.5496,0.086434,3.6598,0.088105,3.7366,0.08918,3.791,0.089872,3.8309
0.015333,1.2471,0.033281,1.8324,0.053059,2.3511,0.070744,2.8242,0.080968,3.1484,0.087818,3.3795,0.092226,3.5387,0.095078,3.6485,0.096916,3.725,0.098099,3.7792,0.098859,3.8189
0.016667,1.2455,0.036306,1.8286,0.057883,2.345,0.077175,2.816,0.088329,3.1389,0.095802,3.3692,0.10061,3.5278,0.10372,3.6372,0.10573,3.7134,0.10702,3.7674,0.10785,3.8069
0.018,1.2439,0.039332,1.8249,0.062706,2.3389,0.083607,2.8079,0.09569,3.1295,0.10379,3.3589,0.10899,3.5169,0.11236,3.6259,0.11454,3.7018,0.11593,3.7556,0.11683,3.795
0.019333,1.2423,0.042358,1.8211,0.06753,2.3329,0.090038,2.7997,0.10305,3.1201,0.11177,3.3487,0.11738,3.5061,0.12101,3.6147,0.12335,3.6902,0.12485,3.7438,0.12582,3.783
0.020667,1.2408,0.045383,1.8173,0.072353,2.3268,0.096469,2.7916,0.11041,3.1108,0.11975,3.3384,0.12576,3.4952,0.12965,3.6034,0.13216,3.6786,0.13377,3.732,0.13481,3.7711
0.022,1.2392,0.048409,1.8135,0.077177,2.3208,0.1029,2.7835,0.11777,3.1014,0.12774,3.3282,0.13415,3.4844,0.13829,3.5922,0.14097,3.6671,0.14269,3.7203,0.14379,3.7591
0.023333,1.2377,0.051434,1.8098,0.082,2.3147,0.10933,2.7754,0.12513,3.0921,0.13572,3.318,0.14253,3.4736,0.14694,3.5809,0.14978,3.6556,0.15161,3.7085,0.15278,3.7472
0.024667,1.2361,0.05446,1.806,0.086824,2.3087,0.11576,2.7673,0.13249,3.0827,0.1437,3.3078,0.15091,3.4628,0.15558,3.5697,0.15859,3.6441,0.16052,3.6968,0.16177,3.7354
0.026,1.2346,0.057485,1.8022,0.091647,2.3027,0.12219,2.7593,0.13985,3.0734,0.15169,3.2976,0.1593,3.452,0.16423,3.5585,0.1674,3.6326,0.16944,3.6851,0.17076,3.7235
0.027333,1.2331,0.060511,1.7985,0.096471,2.2967,0.12863,2.7512,0.14721,3.0641,0.15967,3.2874,0.16768,3.4412,0.17287,3.5474,0.17621,3.6211,0.17836,3.6734,0.17974,3.7116
0.028667,1.2316,0.063536,1.7947,0.10129,2.2907,0.13506,2.7432,0.15458,3.0549,0.16765,3.2773,0.17607,3.4305,0.18151,3.5362,0.18502,3.6097,0.18728,3.6618,0.18873,3.6998
0.03,1.2301,0.066562,1.791,0.10612,2.2848,0.14149,2.7352,0.16194,3.0456,0.17564,3.2671,0.18445,3.4198,0.19016,3.5251,0.19383,3.5983,0.1962,3.6501,0.19772,3.688
0.031333,1.2287,0.069587,1.7873,0.11094,2.2788,0.14792,2.7272,0.1693,3.0363,0.18362,3.257,0.19284,3.4091,0.1988,3.514,0.20264,3.5868,0.20512,3.6385,0.20671,3.6762
0.032667,1.2272,0.072613,1.7836,0.11577,2.2729,0.15435,2.7192,0.17666,3.0271,0.1916,3.2469,0.20122,3.3984,0.20744,3.5028,0.21145,3.5754,0.21403,3.6269,0.21569,3.6644
0.034,1.2258,0.075638,1.7798,0.12059,2.2669,0.16078,2.7112,0.18402,3.0179,0.19959,3.2368,0.2096,3.3877,0.21609,3.4917,0.22026,3.564,0.22295,3.6153,0.22468,3.6526
0.035333,1.2243,0.078664,1.7761,0.12541,2.261,0.16721,2.7032,0.19138,3.0087,0.20757,3.2267,0.21799,3.377,0.22473,3.4807,0.22907,3.5527,0.23187,3.6037,0.23367,3.6409
0.036667,1.2229,0.08169,1.7724,0.13024,2.2551,0.17364,2.6953,0.19874,2.9995,0.21555,3.2167,0.22637,3.3663,0.23337,3.4696,0.23788,3.5413,0.24079,3.5921,0.24265,3.6291
0.038,1.2215,0.084715,1.7688,0.13506,2.2492,0.18008,2.6873,0.2061,2.9903,0.22354,3.2066,0.23476,3.3557,0.24202,3.4585,0.24669,3.5299,0.24971,3.5805,0.25164,3.6174
0.039333,1.2201,0.087741,1.7651,0.13988,2.2433,0.18651,2.6794,0.21346,2.9811,0.23152,3.1965,0.24314,3.345,0.25066,3.4474,0.2555,3.5186,0.25862,3.5689,0.26063,3.6057
0.040667,1.2187,0.090766,1.7614,0.14471,2.2374,0.19294,2.6715,0.22082,2.9719,0.2395,3.1865,0.25152,3.3344,0.2593,3.4364,0.26432,3.5072,0.26754,3.5574,0.26962,3.5939
0.042,1.2173,0.093792,1.7577,0.14953,2.2316,0.19937,2.6635,0.22818,2.9628,0.24749,3.1764,0.25991,3.3237,0.26795,3.4253,0.27313,3.4959,0.27646,3.5458,0.2786,3.5822
0.043333,1.2159,0.096817,1.7541,0.15435,2.2257,0.2058,2.6556,0.23554,2.9536,0.25547,3.1664,0.26829,3.3131,0.27659,3.4143,0.28194,3.4845,0.28538,3.5343,0.28759,3.5705
0.044667,1.2146,0.099843,1.7504,0.15918,2.2198,0.21223,2.6477,0.2429,2.9444,0.26346,3.1564,0.27668,3.3025,0.28523,3.4032,0.29075,3.4732,0.2943,3.5227,0.29658,3.5588
0.046,1.2132,0.10287,1.7467,0.164,2.214,0.21866,2.6398,0.25026,2.9353,0.27144,3.1464,0.28506,3.2919,0.29388,3.3922,0.29956,3.4619,0.30321,3.5112,0.30556,3.5471
0.047333,1.2119,0.10589,1.7431,0.16882,2.2081,0.2251,2.6319,0.25763,2.9261,0.27942,3.1363,0.29345,3.2813,0.30252,3.3812,0.30837,3.4506,0.31213,3.4996,0.31455,3.5354
0.048667,1.2105,0.10892,1.7395,0.17365,2.2023,0.23153,2.624,0.26499,2.917,0.28741,3.1263,0.30183,3.2707,0.31116,3.3702,0.31718,3.4392,0.32105,3.4881,0.32354,3.5237
0.05,1.2092,0.11194,1.7358,0.17847,2.1964,0.23796,2.6162,0.27235,2.9079,0.29539,3.1163,0.31021,3.2601,0.31981,3.3592,0.32599,3.4279,0.32997,3.4766,0.33253,3.512
0.051333,1.2079,0.11497,1.7322,0.18329,2.1906,0.24439,2.6083,0.27971,2.8988,0.30337,3.1064,0.3186,3.2495,0.32845,3.3482,0.3348,3.4167,0.33889,3.4651,0.34151,3.5003
0.052667,1.2066,0.118,1.7286,0.18812,2.1848,0.25082,2.6004,0.28707,2.8897,0.31136,3.0964,0.32698,3.2389,0.33709,3.3372,0.34361,3.4054,0.3478,3.4536,0.3505,3.4887
0.054,1.2053,0.12102,1.725,0.19294,2.179,0.25725,2.5926,0.29443,2.8806,0.31934,3.0864,0.33537,3.2284,0.34574,3.3262,0.35242,3.3941,0.35672,3.4421,0.35949,3.4771
0.055333,1.204,0.12405,1.7213,0.19777,2.1731,0.26368,2.5847,0.30179,2.8715,0.32732,3.0765,0.34375,3.2178,0.35438,3.3153,0.36123,3.3829,0.36564,3.4307,0.36847,3.4654
0.056667,1.2027,0.12707,1.7177,0.20259,2.1673,0.27011,2.5769,0.30915,2.8625,0.33531,3.0665,0.35213,3.2073,0.36302,3.3043,0.37004,3.3716,0.37456,3.4192,0.37746,3.4538
0.058,1.2014,0.1301,1.7141,0.20741,2.1615,0.27655,2.5691,0.31651,2.8534,0.34329,3.0566,0.36052,3.1968,0.37167,3.2934,0.37885,3.3604,0.38348,3.4078,0.38645,3.4422
0.059333,1.2001,0.13312,1.7105,0.21224,2.1557,0.28298,2.5613,0.32387,2.8444,0.35127,3.0467,0.3689,3.1863,0.38031,3.2825,0.38766,3.3492,0.39239,3.3964,0.39544,3.4306
0.060667,1.1989,0.13615,1.7069,0.21706,2.15,0.28941,2.5535,0.33123,2.8354,0.35926,3.0368,0.37729,3.1758,0.38895,3.2716,0.39647,3.338,0.40131,3.385,0.40442,3.4191
0.062,1.1976,0.13917,1.7033,0.22188,2.1442,0.29584,2.5458,0.33859,2.8263,0.36724,3.027,0.38567,3.1653,0.3976,3.2607,0.40528,3.3269,0.41023,3.3736,0.41341,3.4075
0.063333,1.1964,0.1422,1.6997,0.22671,2.1384,0.30227,2.538,0.34595,2.8174,0.37522,3.0171,0.39405,3.1549,0.40624,3.2498,0.41409,3.3157,0.41915,3.3622,0.4224,3.396
0.064667,1.1952,0.14523,1.6961,0.23153,2.1327,0.3087,2.5303,0.35332,2.8084,0.38321,3.0073,0.40244,3.1444,0.41488,3.239,0.4229,3.3046,0.42807,3.3509,0.43138,3.3845
0.066,1.1939,0.14825,1.6925,0.23635,2.1269,0.31513,2.5225,0.36068,2.7994,0.39119,2.9974,0.41082,3.134,0.42353,3.2282,0.43171,3.2934,0.43698,3.3395,0.44037,3.373
0.067333,1.1927,0.15128,1.6889,0.24118,2.1212,0.32156,2.5148,0.36804,2.7905,0.39917,2.9876,0.41921,3.1236,0.43217,3.2173,0.44053,3.2823,0.4459,3.3282,0.44936,3.3615
0.068667,1.1915,0.1543,1.6853,0.246,2.1155,0.328,2.5071,0.3754,2.7815,0.40716,2.9778,0.42759,3.1132,0.44081,3.2065,0.44934,3.2712,0.45482,3.3169,0.45835,3.35
0.07,1.1903,0.15733,1.6817,0.25082,2.1098,0.33443,2.4994,0.38276,2.7726,0.41514,2.968,0.43598,3.1028,0.44946,3.1957,0.45815,3.2601,0.46374,3.3056,0.46733,3.3386
0.071333,1.1891,0.16035,1.6782,0.25565,2.1041,0.34086,2.4917,0.39012,2.7637,0.42312,2.9582,0.44436,3.0924,0.4581,3.1849,0.46696,3.249,0.47266,3.2943,0.47632,3.3271
0.072667,1.1879,0.16338,1.6746,0.26047,2.0984,0.34729,2.484,0.39748,2.7548,0.43111,2.9484,0.45274,3.0821,0.46675,3.1741,0.47577,3.238,0.48157,3.283,0.48531,3.3157
0.074,1.1867,0.1664,1.671,0.26529,2.0927,0.35372,2.4764,0.40484,2.7459,0.43909,2.9387,0.46113,3.0717,0.47539,3.1634,0.48458,3.2269,0.49049,3.2717,0.4943,3.3042
0.075333,1.1855,0.16943,1.6675,0.27012,2.0871,0.36015,2.4687,0.4122,2.737,0.44708,2.9289,0.46951,3.0614,0.48403,3.1526,0.49339,3.2158,0.49941,3.2604,0.50328,3.2928
0.076667,1.1844,0.17246,1.6639,0.27494,2.0814,0.36658,2.4611,0.41956,2.7281,0.45506,2.9192,0.4779,3.051,0.49268,3.1419,0.5022,3.2048,0.50833,3.2492,0.51227,3.2814
0.078,1.1832,0.17548,1.6604,0.27977,2.0758,0.37301,2.4535,0.42692,2.7193,0.46304,2.9094,0.48628,3.0407,0.50132,3.1311,0.51101,3.1938,0.51725,3.2379,0.52126,3.27
0.079333,1.1821,0.17851,1.6568,0.28459,2.0701,0.37945,2.4458,0.43428,2.7104,0.47103,2.8997,0.49466,3.0304,0.50996,3.1204,0.51982,3.1827,0.52616,3.2267,0.53024,3.2586
0.080667,1.1809,0.18153,1.6533,0.28941,2.0645,0.38588,2.4382,0.44164,2.7016,0.47901,2.89,0.50305,3.0201,0.51861,3.1097,0.52863,3.1717,0.53508,3.2155,0.53923,3.2472
0.082,1.1798,0.18456,1.6498,0.29424,2.0589,0.39231,2.4306,0.449,2.6927,0.48699,2.8803,0.51143,3.0098,0.52725,3.099,0.53744,3.1607,0.544,3.2043,0.54822,3.2358
0.083333,1.1786,0.18758,1.6463,0.29906,2.0532,0.39874,2.423,0.45637,2.6839,0.49498,2.8706,0.51982,2.9995,0.53589,3.0883,0.54625,3.1498,0.55292,3.1931,0.55721,3.2245
0.084667,1.1775,0.19061,1.6427,0.30388,2.0476,0.40517,2.4154,0.46373,2.6751,0.50296,2.8609,0.5282,2.9892,0.54454,3.0776,0.55506,3.1388,0.56184,3.1819,0.56619,3.2131
0.086,1.1764,0.19363,1.6392,0.30871,2.042,0.4116,2.4079,0.47109,2.6663,0.51094,2.8513,0.53659,2.979,0.55318,3.0669,0.56387,3.1278,0.57075,3.1707,0.57518,3.2018
0.087333,1.1753,0.19666,1.6357,0.31353,2.0364,0.41803,2.4003,0.47845,2.6575,0.51893,2.8416,0.54497,2.9687,0.56182,3.0563,0.57268,3.1169,0.57967,3.1596,0.58417,3.1905
0.088667,1.1741,0.19969,1.6322,0.31835,2.0308,0.42447,2.3927,0.48581,2.6487,0.52691,2.832,0.55335,2.9585,0.57047,3.0456,0.58149,3.106,0.58859,3.1484,0.59315,3.1792
0.09,1.173,0.20271,1.6288,0.32318,2.0253,0.4309,2.3852,0.49317,2.64,0.53489,2.8224,0.56174,2.9483,0.57911,3.035,0.5903,3.095,0.59751,3.1373,0.60214,3.1679
0.091333,1.1719,0.20574,1.6253,0.328,2.0197,0.43733,2.3777,0.50053,2.6312,0.54288,2.8127,0.57012,2.9381,0.58775,3.0244,0.59911,3.0841,0.60643,3.1262,0.61113,3.1567
0.092667,1.1709,0.20876,1.6218,0.33282,2.0141,0.44376,2.3702,0.50789,2.6225,0.55086,2.8032,0.57851,2.9279,0.5964,3.0138,0.60792,3.0733,0.61535,3.1151,0.62012,3.1454
0.094,1.1698,0.21179,1.6183,0.33765,2.0086,0.45019,2.3627,0.51525,2.6138,0.55884,2.7936,0.58689,2.9177,0.60504,3.0032,0.61674,3.0624,0.62426,3.104,0.6291,3.1342
0.095333,1.1687,0.21481,1.6149,0.34247,2.003,0.45662,2.3552,0.52261,2.6051,0.56683,2.784,0.59527,2.9076,0.61368,2.9926,0.62555,3.0515,0.63318,3.093,0.63809,3.1229
0.096667,1.1676,0.21784,1.6114,0.3473,1.9975,0.46305,2.3477,0.52997,2.5964,0.57481,2.7744,0.60366,2.8974,0.62233,2.9821,0.63436,3.0407,0.6421,3.0819,0.64708,3.1117
0.098,1.1665,0.22086,1.6079,0.35212,1.992,0.46948,2.3403,0.53733,2.5877,0.58279,2.7649,0.61204,2.8873,0.63097,2.9715,0.64317,3.0298,0.65102,3.0709,0.65606,3.1005
0.099333,1.1655,0.22389,1.6045,0.35694,1.9865,0.47592,2.3328,0.54469,2.5791,0.59078,2.7554,0.62043,2.8772,0.63961,2.961,0.65198,3.019,0.65994,3.0599,0.66505,3.0894
0.10067,1.1644,0.22692,1.601,0.36177,1.9809,0.48235,2.3254,0.55205,2.5704,0.59876,2.7459,0.62881,2.8671,0.64826,2.9505,0.66079,3.0082,0.66885,3.0488,0.67404,3.0782
0.102,1.1634,0.22994,1.5976,0.36659,1.9754,0.48878,2.3179,0.55942,2.5618,0.60674,2.7364,0.6372,2.857,0.6569,2.94,0.6696,2.9974,0.67777,3.0378,0.68303,3.067
0.10333,1.1623,0.23297,1.5942,0.37141,1.97,0.49521,2.3105,0.56678,2.5531,0.61473,2.7269,0.64558,2.8469,0.66554,2.9295,0.67841,2.9867,0.68669,3.0269,0.69201,3.0559
0.10467,1.1613,0.23599,1.5907,0.37624,1.9645,0.50164,2.3031,0.57414,2.5445,0.62271,2.7174,0.65396,2.8368,0.67419,2.919,0.68722,2.9759,0.69561,3.0159,0.701,3.0448
0.106,1.1602,0.23902,1.5873,0.38106,1.959,0.50807,2.2957,0.5815,2.5359,0.6307,2.7079,0.66235,2.8267,0.68283,2.9086,0.69603,2.9651,0.70453,3.0049,0.70999,3.0336
0.10733,1.1592,0.24204,1.5839,0.38588,1.9536,0.5145,2.2884,0.58886,2.5273,0.63868,2.6985,0.67073,2.8167,0.69147,2.8981,0.70484,2.9544,0.71344,2.994,0.71897,3.0225
0.10867,1.1582,0.24507,1.5804,0.39071,1.9481,0.52093,2.281,0.59622,2.5187,0.64666,2.689,0.67912,2.8067,0.70012,2.8877,0.71365,2.9437,0.72236,2.983,0.72796,3.0114
0.11,1.1572,0.24809,1.577,0.39553,1.9427,0.52737,2.2736,0.60358,2.5102,0.65465,2.6796,0.6875,2.7967,0.70876,2.8772,0.72246,2.933,0.73128,2.9721,0.73695,3.0004
0.11133,1.1561,0.25112,1.5736,0.40035,1.9372,0.5338,2.2663,0.61094,2.5016,0.66263,2.6702,0.69588,2.7866,0.7174,2.8668,0.73127,2.9223,0.7402,2.9612,0.74594,2.9893
0.11267,1.1551,0.25415,1.5702,0.40518,1.9318,0.54023,2.2589,0.6183,2.4931,0.67061,2.6608,0.70427,2.7767,0.72605,2.8564,0.74008,2.9116,0.74912,2.9503,0.75492,2.9783
0.114,1.1541,0.25717,1.5668,0.41,1.9264,0.54666,2.2516,0.62566,2.4845,0.6786,2.6514,0.71265,2.7667,0.73469,2.846,0.74889,2.9009,0.75803,2.9394,0.76391,2.9672
0.11533,1.1531,0.2602,1.5634,0.41482,1.921,0.55309,2.2443,0.63302,2.476,0.68658,2.642,0.72104,2.7567,0.74333,2.8357,0.7577,2.8902,0.76695,2.9286,0.7729,2.9562
0.11667,1.1521,0.26322,1.56,0.41965,1.9156,0.55952,2.237,0.64038,2.4675,0.69456,2.6326,0.72942,2.7468,0.75198,2.8253,0.76651,2.8796,0.77587,2.9177,0.78189,2.9452
0.118,1.1511,0.26625,1.5566,0.42447,1.9102,0.56595,2.2297,0.64774,2.459,0.70255,2.6233,0.7378,2.7368,0.76062,2.815,0.77532,2.869,0.78479,2.9069,0.79087,2.9342
0.11933,1.1501,0.26927,1.5532,0.4293,1.9048,0.57238,2.2224,0.65511,2.4505,0.71053,2.614,0.74619,2.7269,0.76927,2.8046,0.78413,2.8583,0.79371,2.896,0.79986,2.9232
0.12067,1.1492,0.2723,1.5499,0.43412,1.8995,0.57882,2.2152,0.66247,2.4421,0.71851,2.6046,0.75457,2.717,0.77791,2.7943,0.79295,2.8477,0.80262,2.8852,0.80885,2.9123
0.122,1.1482,0.27532,1.5465,0.43894,1.8941,0.58525,2.2079,0.66983,2.4336,0.7265,2.5953,0.76296,2.7071,0.78655,2.784,0.80176,2.8371,0.81154,2.8744,0.81783,2.9013
0.12333,1.1472,0.27835,1.5431,0.44377,1.8888,0.59168,2.2007,0.67719,2.4252,0.73448,2.586,0.77134,2.6972,0.7952,2.7737,0.81057,2.8266,0.82046,2.8637,0.82682,2.8904
0.12467,1.1462,0.28138,1.5398,0.44859,1.8834,0.59811,2.1935,0.68455,2.4167,0.74246,2.5767,0.77973,2.6873,0.80384,2.7634,0.81938,2.816,0.82938,2.8529,0.83581,2.8795
0.126,1.1453,0.2844,1.5364,0.45341,1.8781,0.60454,2.1862,0.69191,2.4083,0.75045,2.5675,0.78811,2.6775,0.81248,2.7532,0.82819,2.8055,0.8383,2.8422,0.8448,2.8686
0.12733,1.1443,0.28743,1.5331,0.45824,1.8728,0.61097,2.179,0.69927,2.3999,0.75843,2.5582,0.79649,2.6677,0.82113,2.7429,0.837,2.7949,0.84721,2.8314,0.85378,2.8577
0.12867,1.1434,0.29045,1.5297,0.46306,1.8674,0.6174,2.1718,0.70663,2.3915,0.76641,2.549,0.80488,2.6578,0.82977,2.7327,0.84581,2.7844,0.85613,2.8207,0.86277,2.8468
0.13,1.1424,0.29348,1.5264,0.46788,1.8621,0.62384,2.1647,0.71399,2.3832,0.7744,2.5398,0.81326,2.648,0.83841,2.7225,0.85462,2.7739,0.86505,2.81,0.87176,2.836
0.13133,1.1415,0.2965,1.5231,0.47271,1.8568,0.63027,2.1575,0.72135,2.3748,0.78238,2.5305,0.82165,2.6382,0.84706,2.7123,0.86343,2.7634,0.87397,2.7993,0.88074,2.8251
0.13267,1.1405,0.29953,1.5197,0.47753,1.8516,0.6367,2.1504,0.72871,2.3665,0.79037,2.5213,0.83003,2.6284,0.8557,2.7021,0.87224,2.753,0.88289,2.7886,0.88973,2.8143
0.134,1.1396,0.30255,1.5164,0.48235,1.8463,0.64313,2.1432,0.73607,2.3581,0.79835,2.5122,0.83841,2.6187,0.86434,2.6919,0.88105,2.7425,0.8918,2.778,0.89872,2.8035
0.13533,1.1386,0.30558,1.5131,0.48718,1.841,0.64956,2.1361,0.74343,2.3498,0.80633,2.503,0.8468,2.6089,0.87299,2.6818,0.88986,2.7321,0.90072,2.7673,0.90771,2.7927
0.13667,1.1377,0.3086,1.5098,0.492,1.8358,0.65599,2.129,0.75079,2.3415,0.81432,2.4938,0.85518,2.5992,0.88163,2.6716,0.89867,2.7216,0.90964,2.7567,0.91669,2.7819
0.138,1.1368,0.31163,1.5065,0.49682,1.8305,0.66242,2.1219,0.75816,2.3332,0.8223,2.4847,0.86357,2.5894,0.89027,2.6615,0.90748,2.7112,0.91856,2.7461,0.92568,2.7711
0.13933,1.1358,0.31466,1.5032,0.50165,1.8253,0.66885,2.1148,0.76552,2.3249,0.83028,2.4755,0.87195,2.5797,0.89892,2.6514,0.91629,2.7008,0.92748,2.7355,0.93467,2.7604
0.14067,1.1349,0.31768,1.4999,0.50647,1.82,0.67529,2.1077,0.77288,2.3167,0.83827,2.4664,0.88034,2.57,0.90756,2.6413,0.9251,2.6904,0.93639,2.7249,0.94365,2.7496
0.142,1.134,0.32071,1.4966,0.5113,1.8148,0.68172,2.1006,0.78024,2.3084,0.84625,2.4573,0.88872,2.5603,0.9162,2.6312,0.93391,2.6801,0.94531,2.7143,0.95264,2.7389
0.14333,1.1331,0.32373,1.4933,0.51612,1.8096,0.68815,2.0936,0.7876,2.3002,0.85423,2.4482,0.8971,2.5507,0.92485,2.6211,0.94272,2.6697,0.95423,2.7037,0.96163,2.7282
0.14467,1.1322,0.32676,1.4901,0.52094,1.8044,0.69458,2.0865,0.79496,2.2919,0.86222,2.4392,0.90549,2.541,0.93349,2.611,0.95153,2.6594,0.96315,2.6932,0.97062,2.7175
0.146,1.1313,0.32978,1.4868,0.52577,1.7992,0.70101,2.0795,0.80232,2.2837,0.8702,2.4301,0.91387,2.5314,0.94213,2.601,0.96035,2.649,0.97207,2.6827,0.9796,2.7068
0.14733,1.1304,0.33281,1.4835,0.53059,1.794,0.70744,2.0725,0.80968,2.2755,0.87818,2.4211,0.92226,2.5217,0.95078,2.591,0.96916,2.6387,0.98099,2.6722,0.98859,2.6962
0.14867,1.1295,0.33583,1.4803,0.53541,1.7889,0.71387,2.0655,0.81704,2.2673,0.88617,2.412,0.93064,2.5121,0.95942,2.5809,0.97797,2.6284,0.9899,2.6617,0.99758,2.6855
0.15,1.1286,0.33886,1.477,0.54024,1.7837,0.7203,2.0585,0.8244,2.2591,0.89415,2.403,0.93902,2.5025,0.96806,2.5709,0.98678,2.6181,0.99882,2.6512,1.0066,2.6749
0.15133,1.1277,0.34189,1.4737,0.54506,1.7785,0.72674,2.0515,0.83176,2.251,0.90213,2.394,0.94741,2.4929,0.97671,2.561,0.99559,2.6079,1.0077,2.6407,1.0156,2.6643
0.15267,1.1268,0.34491,1.4705,0.54988,1.7734,0.73317,2.0445,0.83912,2.2428,0.91012,2.385,0.95579,2.4834,0.98535,2.551,1.0044,2.5976,1.0167,2.6303,1.0245,2.6537
0.154,1.1259,0.34794,1.4673,0.55471,1.7682,0.7396,2.0376,0.84648,2.2347,0.9181,2.376,0.96418,2.4738,0.99399,2.541,1.0132,2.5874,1.0256,2.6198,1.0335,2.6431
0.15533,1.1251,0.35096,1.464,0.55953,1.7631,0.74603,2.0306,0.85384,2.2266,0.92608,2.3671,0.97256,2.4643,1.0026,2.5311,1.022,2.5772,1.0345,2.6094,1.0425,2.6325
0.15667,1.1242,0.35399,1.4608,0.56435,1.758,0.75246,2.0237,0.86121,2.2185,0.93407,2.3581,0.98095,2.4547,1.0113,2.5212,1.0308,2.567,1.0434,2.599,1.0515,2.622
0.158,1.1233,0.35701,1.4576,0.56918,1.7529,0.75889,2.0168,0.86857,2.2104,0.94205,2.3492,0.98933,2.4452,1.0199,2.5113,1.0396,2.5568,1.0523,2.5886,1.0605,2.6114
0.15933,1.1224,0.36004,1.4543,0.574,1.7478,0.76532,2.0099,0.87593,2.2023,0.95003,2.3403,0.99771,2.4357,1.0286,2.5014,1.0485,2.5466,1.0612,2.5782,1.0695,2.6009
0.16067,1.1216,0.36306,1.4511,0.57883,1.7427,0.77175,2.003,0.88329,2.1942,0.95802,2.3314,1.0061,2.4263,1.0372,2.4915,1.0573,2.5364,1.0702,2.5679,1.0785,2.5904
0.162,1.1207,0.36609,1.4479,0.58365,1.7376,0.77819,1.9961,0.89065,2.1862,0.966,2.3225,1.0145,2.4168,1.0459,2.4816,1.0661,2.5263,1.0791,2.5575,1.0874,2.5799
0.16333,1.1199,0.36912,1.4447,0.58847,1.7325,0.78462,1.9892,0.89801,2.1781,0.97399,2.3136,1.0229,2.4073,1.0545,2.4718,1.0749,2.5162,1.088,2.5472,1.0964,2.5694
0.16467,1.119,0.37214,1.4415,0.5933,1.7275,0.79105,1.9824,0.90537,2.1701,0.98197,2.3047,1.0312,2.3979,1.0631,2.4619,1.0837,2.5061,1.0969,2.5369,1.1054,2.559
0.166,1.1181,0.37517,1.4383,0.59812,1.7224,0.79748,1.9755,0.91273,2.1621,0.98995,2.2959,1.0396,2.3885,1.0718,2.4521,1.0925,2.496,1.1058,2.5266,1.1144,2.5485
0.16733,1.1173,0.37819,1.4351,0.60294,1.7174,0.80391,1.9687,0.92009,2.1541,0.99794,2.2871,1.048,2.3791,1.0804,2.4423,1.1013,2.4859,1.1148,2.5163,1.1234,2.5381
0.16867,1.1165,0.38122,1.4319,0.60777,1.7124,0.81034,1.9619,0.92745,2.1461,1.0059,2.2782,1.0564,2.3697,1.0891,2.4325,1.1101,2.4758,1.1237,2.5061,1.1324,2.5277
0.17,1.1156,0.38424,1.4288,0.61259,1.7073,0.81677,1.9551,0.93481,2.1382,1.0139,2.2694,1.0648,2.3603,1.0977,2.4228,1.1189,2.4658,1.1326,2.4958,1.1414,2.5173
0.17133,1.1148,0.38727,1.4256,0.61741,1.7023,0.82321,1.9483,0.94217,2.1302,1.0219,2.2607,1.0732,2.3509,1.1064,2.413,1.1277,2.4557,1.1415,2.4856,1.1504,2.5069
0.17267,1.1139,0.39029,1.4224,0.62224,1.6973,0.82964,1.9415,0.94953,2.1223,1.0299,2.2519,1.0816,2.3416,1.115,2.4033,1.1366,2.4457,1.1504,2.4754,1.1593,2.4966
0.174,1.1131,0.39332,1.4193,0.62706,1.6923,0.83607,1.9347,0.9569,2.1143,1.0379,2.2431,1.0899,2.3323,1.1236,2.3935,1.1454,2.4357,1.1593,2.4652,1.1683,2.4862
0.17533,1.1123,0.39635,1.4161,0.63188,1.6873,0.8425,1.928,0.96426,2.1064,1.0458,2.2344,1.0983,2.323,1.1323,2.3838,1.1542,2.4257,1.1683,2.455,1.1773,2.4759
0.17667,1.1114,0.39937,1.413,0.63671,1.6824,0.84893,1.9213,0.97162,2.0985,1.0538,2.2257,1.1067,2.3137,1.1409,2.3741,1.163,2.4157,1.1772,2.4448,1.1863,2.4656
0.178,1.1106,0.4024,1.4098,0.64153,1.6774,0.85536,1.9145,0.97898,2.0907,1.0618,2.2169,1.1151,2.3044,1.1496,2.3644,1.1718,2.4058,1.1861,2.4347,1.1953,2.4553
0.17933,1.1098,0.40542,1.4067,0.64635,1.6724,0.86179,1.9078,0.98634,2.0828,1.0698,2.2082,1.1235,2.2951,1.1582,2.3548,1.1806,2.3959,1.195,2.4245,1.2043,2.445
0.18067,1.109,0.40845,1.4036,0.65118,1.6675,0.86822,1.9011,0.9937,2.0749,1.0778,2.1996,1.1319,2.2858,1.1669,2.3451,1.1894,2.3859,1.2039,2.4144,1.2133,2.4348
0.182,1.1082,0.41147,1.4004,0.656,1.6626,0.87466,1.8944,1.0011,2.0671,1.0858,2.1909,1.1402,2.2766,1.1755,2.3355,1.1982,2.376,1.2129,2.4043,1.2223,2.4245
0.18333,1.1073,0.4145,1.3973,0.66083,1.6576,0.88109,1.8878,1.0084,2.0593,1.0937,2.1822,1.1486,2.2674,1.1841,2.3259,1.207,2.3661,1.2218,2.3942,1.2312,2.4143
0.18467,1.1065,0.41752,1.3942,0.66565,1.6527,0.88752,1.8811,1.0158,2.0515,1.1017,2.1736,1.157,2.2582,1.1928,2.3163,1.2158,2.3563,1.2307,2.3841,1.2402,2.4041
0.186,1.1057,0.42055,1.3911,0.67047,1.6478,0.89395,1.8745,1.0231,2.0437,1.1097,2.165,1.1654,2.249,1.2014,2.3067,1.2247,2.3464,1.2396,2.3741,1.2492,2.3939
0.18733,1.1049,0.42358,1.388,0.6753,1.6429,0.90038,1.8678,1.0305,2.0359,1.1177,2.1564,1.1738,2.2398,1.2101,2.2971,1.2335,2.3366,1.2485,2.3641,1.2582,2.3837
0.18867,1.1041,0.4266,1.3849,0.68012,1.638,0.90681,1.8612,1.0379,2.0281,1.1257,2.1478,1.1822,2.2307,1.2187,2.2876,1.2423,2.3267,1.2574,2.354,1.2672,2.3735
0.19,1.1033,0.42963,1.3818,0.68494,1.6331,0.91324,1.8546,1.0452,2.0203,1.1337,2.1392,1.1905,2.2215,1.2274,2.278,1.2511,2.3169,1.2664,2.344,1.2762,2.3634
0.19133,1.1025,0.43265,1.3787,0.68977,1.6283,0.91967,1.848,1.0526,2.0126,1.1416,2.1306,1.1989,2.2124,1.236,2.2685,1.2599,2.3071,1.2753,2.334,1.2852,2.3533
0.19267,1.1017,0.43568,1.3756,0.69459,1.6234,0.92611,1.8414,1.0599,2.0049,1.1496,2.1221,1.2073,2.2033,1.2447,2.259,1.2687,2.2974,1.2842,2.3241,1.2942,2.3432
0.194,1.1009,0.4387,1.3725,0.69941,1.6185,0.93254,1.8349,1.0673,1.9972,1.1576,2.1136,1.2157,2.1942,1.2533,2.2495,1.2775,2.2876,1.2931,2.3141,1.3031,2.3331
0.19533,1.1002,0.44173,1.3694,0.70424,1.6137,0.93897,1.8283,1.0747,1.9895,1.1656,2.105,1.2241,2.1851,1.2619,2.2401,1.2863,2.2779,1.302,2.3042,1.3121,2.323
0.19667,1.0994,0.44475,1.3664,0.70906,1.6089,0.9454,1.8218,1.082,1.9818,1.1736,2.0965,1.2325,2.176,1.2706,2.2306,1.2951,2.2681,1.311,2.2943,1.3211,2.3129
0.198,1.0986,0.44778,1.3633,0.71388,1.6041,0.95183,1.8152,1.0894,1.9741,1.1816,2.0881,1.2409,2.167,1.2792,2.2212,1.304,2.2584,1.3199,2.2844,1.3301,2.3029
0.19933,1.0978,0.45081,1.3602,0.71871,1.5992,0.95826,1.8087,1.0967,1.9665,1.1895,2.0796,1.2492,2.1579,1.2879,2.2117,1.3128,2.2487,1.3288,2.2745,1.3391,2.2928
0.20067,1.097,0.45383,1.3572,0.72353,1.5944,0.96469,1.8022,1.1041,1.9588,1.1975,2.0711,1.2576,2.1489,1.2965,2.2023,1.3216,2.239,1.3377,2.2646,1.3481,2.2828
0.202,1.0963,0.45686,1.3541,0.72835,1.5897,0.97112,1.7958,1.1115,1.9512,1.2055,2.0627,1.266,2.1399,1.3052,2.1929,1.3304,2.2294,1.3466,2.2548,1.3571,2.2728
0.20333,1.0955,0.45988,1.3511,0.73318,1.5849,0.97756,1.7893,1.1188,1.9436,1.2135,2.0543,1.2744,2.1309,1.3138,2.1836,1.3392,2.2197,1.3555,2.2449,1.3661,2.2629
0.20467,1.0947,0.46291,1.3481,0.738,1.5801,0.98399,1.7828,1.1262,1.936,1.2215,2.0459,1.2828,2.122,1.3224,2.1742,1.348,2.2101,1.3645,2.2351,1.375,2.2529
0.206,1.0939,0.46593,1.345,0.74283,1.5753,0.99042,1.7764,1.1336,1.9284,1.2295,2.0375,1.2912,2.113,1.3311,2.1649,1.3568,2.2005,1.3734,2.2253,1.384,2.243
0.20733,1.0932,0.46896,1.342,0.74765,1.5706,0.99685,1.7699,1.1409,1.9209,1.2374,2.0291,1.2995,2.1041,1.3397,2.1555,1.3656,2.1909,1.3823,2.2155,1.393,2.2331
0.20867,1.0924,0.47198,1.339,0.75247,1.5658,1.0033,1.7635,1.1483,1.9133,1.2454,2.0207,1.3079,2.0952,1.3484,2.1462,1.3744,2.1813,1.3912,2.2058,1.402,2.2232
0.21,1.0916,0.47501,1.336,0.7573,1.5611,1.0097,1.7571,1.1556,1.9058,1.2534,2.0124,1.3163,2.0863,1.357,2.1369,1.3832,2.1718,1.4001,2.196,1.411,2.2133
0.21133,1.0909,0.47803,1.333,0.76212,1.5564,1.0161,1.7507,1.163,1.8983,1.2614,2.0041,1.3247,2.0774,1.3657,2.1277,1.3921,2.1622,1.4091,2.1863,1.42,2.2034
0.21267,1.0901,0.48106,1.33,0.76694,1.5517,1.0226,1.7444,1.1704,1.8908,1.2694,1.9957,1.3331,2.0685,1.3743,2.1184,1.4009,2.1527,1.418,2.1766,1.429,2.1935
0.214,1.0894,0.48409,1.327,0.77177,1.547,1.029,1.738,1.1777,1.8833,1.2774,1.9874,1.3415,2.0596,1.3829,2.1092,1.4097,2.1432,1.4269,2.1669,1.4379,2.1837
0.21533,1.0886,0.48711,1.324,0.77659,1.5423,1.0354,1.7316,1.1851,1.8758,1.2853,1.9792,1.3498,2.0508,1.3916,2.1,1.4185,2.1337,1.4358,2.1572,1.4469,2.1739
0.21667,1.0879,0.49014,1.321,0.78141,1.5376,1.0419,1.7253,1.1924,1.8683,1.2933,1.9709,1.3582,2.042,1.4002,2.0907,1.4273,2.1242,1.4447,2.1475,1.4559,2.1641
0.218,1.0871,0.49316,1.318,0.78624,1.5329,1.0483,1.719,1.1998,1.8609,1.3013,1.9627,1.3666,2.0332,1.4089,2.0816,1.4361,2.1148,1.4536,2.1379,1.4649,2.1543
0.21933,1.0864,0.49619,1.315,0.79106,1.5283,1.0547,1.7127,1.2072,1.8535,1.3093,1.9544,1.375,2.0244,1.4175,2.0724,1.4449,2.1053,1.4626,2.1283,1.4739,2.1446
0.22067,1.0856,0.49921,1.3121,0.79588,1.5236,1.0612,1.7064,1.2145,1.8461,1.3173,1.9462,1.3834,2.0156,1.4262,2.0632,1.4537,2.0959,1.4715,2.1186,1.4829,2.1348
0.222,1.0849,0.50224,1.3091,0.80071,1.519,1.0676,1.7001,1.2219,1.8387,1.3253,1.938,1.3918,2.0069,1.4348,2.0541,1.4625,2.0865,1.4804,2.1091,1.4919,2.1251
0.22333,1.0842,0.50526,1.3062,0.80553,1.5143,1.074,1.6939,1.2292,1.8313,1.3332,1.9298,1.4002,1.9981,1.4435,2.045,1.4714,2.0771,1.4893,2.0995,1.5009,2.1154
0.22467,1.0834,0.50829,1.3032,0.81036,1.5097,1.0805,1.6876,1.2366,1.8239,1.3412,1.9216,1.4085,1.9894,1.4521,2.0359,1.4802,2.0678,1.4982,2.0899,1.5098,2.1057
0.226,1.0827,0.51132,1.3003,0.81518,1.5051,1.0869,1.6814,1.244,1.8166,1.3492,1.9135,1.4169,1.9807,1.4607,2.0268,1.489,2.0584,1.5071,2.0804,1.5188,2.096
0.22733,1.082,0.51434,1.2973,0.82,1.5005,1.0933,1.6751,1.2513,1.8092,1.3572,1.9054,1.4253,1.972,1.4694,2.0177,1.4978,2.0491,1.5161,2.0709,1.5278,2.0863
0.22867,1.0812,0.51737,1.2944,0.82483,1.4959,1.0998,1.6689,1.2587,1.8019,1.3652,1.8972,1.4337,1.9633,1.478,2.0087,1.5066,2.0398,1.525,2.0614,1.5368,2.0767
0.23,1.0805,0.52039,1.2914,0.82965,1.4913,1.1062,1.6627,1.266,1.7946,1.3732,1.8891,1.4421,1.9547,1.4867,1.9996,1.5154,2.0305,1.5339,2.0519,1.5458,2.0671
0.23133,1.0798,0.52342,1.2885,0.83447,1.4868,1.1126,1.6566,1.2734,1.7873,1.3811,1.881,1.4505,1.946,1.4953,1.9906,1.5242,2.0212,1.5428,2.0424,1.5548,2.0575
0.23267,1.0791,0.52644,1.2856,0.8393,1.4822,1.119,1.6504,1.2808,1.78,1.3891,1.873,1.4588,1.9374,1.504,1.9816,1.533,2.0119,1.5517,2.033,1.5638,2.0479
0.234,1.0783,0.52947,1.2827,0.84412,1.4776,1.1255,1.6442,1.2881,1.7728,1.3971,1.8649,1.4672,1.9288,1.5126,1.9726,1.5418,2.0027,1.5607,2.0235,1.5728,2.0383
0.23533,1.0776,0.53249,1.2798,0.84894,1.4731,1.1319,1.6381,1.2955,1.7655,1.4051,1.8569,1.4756,1.9202,1.5212,1.9637,1.5506,1.9934,1.5696,2.0141,1.5817,2.0288
0.23667,1.0769,0.53552,1.2769,0.85377,1.4686,1.1383,1.632,1.3028,1.7583,1.4131,1.8489,1.484,1.9117,1.5299,1.9547,1.5595,1.9842,1.5785,2.0047,1.5907,2.0193
0.238,1.0762,0.53855,1.274,0.85859,1.4641,1.1448,1.6259,1.3102,1.7511,1.4211,1.8409,1.4924,1.9031,1.5385,1.9458,1.5683,1.975,1.5874,1.9954,1.5997,2.0098
0.23933,1.0755,0.54157,1.2711,0.86341,1.4595,1.1512,1.6198,1.3176,1.7439,1.429,1.8329,1.5008,1.8946,1.5472,1.9369,1.5771,1.9659,1.5963,1.986,1.6087,2.0003
0.24067,1.0748,0.5446,1.2682,0.86824,1.455,1.1576,1.6137,1.3249,1.7367,1.437,1.8249,1.5091,1.886,1.5558,1.928,1.5859,1.9567,1.6052,1.9767,1.6177,1.9908
0.242,1.074,0.54762,1.2653,0.87306,1.4506,1.1641,1.6076,1.3323,1.7295,1.445,1.8169,1.5175,1.8775,1.5645,1.9191,1.5947,1.9476,1.6142,1.9673,1.6267,1.9813
0.24333,1.0733,0.55065,1.2625,0.87788,1.4461,1.1705,1.6016,1.3397,1.7224,1.453,1.809,1.5259,1.8691,1.5731,1.9102,1.6035,1.9385,1.6231,1.958,1.6357,1.9719
0.24467,1.0726,0.55367,1.2596,0.88271,1.4416,1.1769,1.5955,1.347,1.7152,1.461,1.8011,1.5343,1.8606,1.5817,1.9014,1.6123,1.9294,1.632,1.9487,1.6447,1.9625
0.246,1.0719,0.5567,1.2567,0.88753,1.4371,1.1834,1.5895,1.3544,1.7081,1.469,1.7932,1.5427,1.8521,1.5904,1.8926,1.6211,1.9203,1.6409,1.9395,1.6536,1.9531
0.24733,1.0712,0.55972,1.2539,0.89236,1.4327,1.1898,1.5835,1.3617,1.701,1.4769,1.7853,1.5511,1.8437,1.599,1.8838,1.6299,1.9112,1.6498,1.9302,1.6626,1.9437
0.24867,1.0705,0.56275,1.251,0.89718,1.4283,1.1962,1.5775,1.3691,1.6939,1.4849,1.7774,1.5595,1.8353,1.6077,1.875,1.6388,1.9022,1.6588,1.921,1.6716,1.9343
0.25,1.0698,0.56578,1.2482,0.902,1.4238,1.2027,1.5715,1.3765,1.6869,1.4929,1.7696,1.5678,1.8269,1.6163,1.8662,1.6476,1.8931,1.6677,1.9118,1.6806,1.925
0.25133,1.0691,0.5688,1.2453,0.90683,1.4194,1.2091,1.5656,1.3838,1.6798,1.5009,1.7617,1.5762,1.8185,1.625,1.8574,1.6564,1.8841,1.6766,1.9026,1.6896,1.9157
0.25267,1.0684,0.57183,1.2425,0.91165,1.415,1.2155,1.5596,1.3912,1.6728,1.5089,1.7539,1.5846,1.8102,1.6336,1.8487,1.6652,1.8751,1.6855,1.8934,1.6986,1.9064
0.254,1.0677,0.57485,1.2397,0.91647,1.4106,1.2219,1.5537,1.3985,1.6657,1.5169,1.7461,1.593,1.8018,1.6423,1.84,1.674,1.8661,1.6944,1.8843,1.7076,1.8971
0.25533,1.0671,0.57788,1.2369,0.9213,1.4062,1.2284,1.5478,1.4059,1.6587,1.5248,1.7383,1.6014,1.7935,1.6509,1.8313,1.6828,1.8572,1.7033,1.8751,1.7166,1.8878
0.25667,1.0664,0.5809,1.234,0.92612,1.4018,1.2348,1.5419,1.4133,1.6517,1.5328,1.7305,1.6098,1.7852,1.6595,1.8226,1.6916,1.8483,1.7123,1.866,1.7255,1.8786
0.258,1.0657,0.58393,1.2312,0.93094,1.3975,1.2412,1.536,1.4206,1.6448,1.5408,1.7228,1.6181,1.7769,1.6682,1.8139,1.7004,1.8393,1.7212,1.8569,1.7345,1.8694
0.25933,1.065,0.58695,1.2284,0.93577,1.3931,1.2477,1.5301,1.428,1.6378,1.5488,1.7151,1.6265,1.7686,1.6768,1.8053,1.7092,1.8304,1.7301,1.8478,1.7435,1.8601
0.26067,1.0643,0.58998,1.2256,0.94059,1.3888,1.2541,1.5243,1.4353,1.6309,1.5568,1.7073,1.6349,1.7604,1.6855,1.7967,1.718,1.8216,1.739,1.8388,1.7525,1.851
0.262,1.0636,0.59301,1.2228,0.94541,1.3844,1.2605,1.5184,1.4427,1.6239,1.5648,1.6996,1.6433,1.7521,1.6941,1.7881,1.7269,1.8127,1.7479,1.8297,1.7615,1.8418
0.26333,1.0629,0.59603,1.22,0.95024,1.3801,1.267,1.5126,1.4501,1.617,1.5727,1.6919,1.6517,1.7439,1.7028,1.7795,1.7357,1.8038,1.7569,1.8207,1.7705,1.8326
0.26467,1.0623,0.59906,1.2173,0.95506,1.3758,1.2734,1.5068,1.4574,1.6101,1.5807,1.6843,1.6601,1.7357,1.7114,1.7709,1.7445,1.795,1.7658,1.8117,1.7795,1.8235
0.266,1.0616,0.60208,1.2145,0.95988,1.3715,1.2798,1.501,1.4648,1.6033,1.5887,1.6766,1.6684,1.7275,1.72,1.7624,1.7533,1.7862,1.7747,1.8027,1.7885,1.8144
0.26733,1.0609,0.60511,1.2117,0.96471,1.3672,1.2863,1.4952,1.4721,1.5964,1.5967,1.669,1.6768,1.7193,1.7287,1.7538,1.7621,1.7774,1.7836,1.7938,1.7974,1.8053
0.26867,1.0602,0.60813,1.209,0.96953,1.3629,1.2927,1.4894,1.4795,1.5895,1.6047,1.6614,1.6852,1.7112,1.7373,1.7453,1.7709,1.7687,1.7925,1.7848,1.8064,1.7962
0.27,1.0596,0.61116,1.2062,0.97436,1.3587,1.2991,1.4836,1.4869,1.5827,1.6127,1.6538,1.6936,1.7031,1.746,1.7368,1.7797,1.7599,1.8014,1.7759,1.8154,1.7872
0.27133,1.0589,0.61418,1.2034,0.97918,1.3544,1.3056,1.4779,1.4942,1.5759,1.6206,1.6462,1.702,1.6949,1.7546,1.7283,1.7885,1.7512,1.8104,1.767,1.8244,1.7781
0.27267,1.0582,0.61721,1.2007,0.984,1.3502,1.312,1.4722,1.5016,1.5691,1.6286,1.6386,1.7104,1.6869,1.7633,1.7199,1.7973,1.7425,1.8193,1.7581,1.8334,1.7691
0.274,1.0576,0.62024,1.198,0.98883,1.3459,1.3184,1.4665,1.509,1.5623,1.6366,1.6311,1.7187,1.6788,1.7719,1.7114,1.8062,1.7338,1.8282,1.7492,1.8424,1.7601
0.27533,1.0569,0.62326,1.1952,0.99365,1.3417,1.3248,1.4608,1.5163,1.5556,1.6446,1.6236,1.7271,1.6707,1.7805,1.703,1.815,1.7251,1.8371,1.7404,1.8514,1.7511
0.27667,1.0562,0.62629,1.1925,0.99847,1.3375,1.3313,1.4551,1.5237,1.5488,1.6526,1.6161,1.7355,1.6627,1.7892,1.6946,1.8238,1.7164,1.846,1.7315,1.8603,1.7422
0.278,1.0556,0.62931,1.1898,1.0033,1.3333,1.3377,1.4494,1.531,1.5421,1.6606,1.6086,1.7439,1.6547,1.7978,1.6862,1.8326,1.7078,1.855,1.7227,1.8693,1.7332
0.27933,1.0549,0.63234,1.1871,1.0081,1.3291,1.3441,1.4438,1.5384,1.5354,1.6685,1.6011,1.7523,1.6467,1.8065,1.6778,1.8414,1.6992,1.8639,1.7139,1.8783,1.7243
0.28067,1.0543,0.63536,1.1843,1.0129,1.3249,1.3506,1.4382,1.5458,1.5287,1.6765,1.5936,1.7607,1.6387,1.8151,1.6695,1.8502,1.6906,1.8728,1.7051,1.8873,1.7154
0.282,1.0536,0.63839,1.1816,1.0178,1.3207,1.357,1.4325,1.5531,1.522,1.6845,1.5862,1.7691,1.6307,1.8238,1.6612,1.859,1.682,1.8817,1.6964,1.8963,1.7065
0.28333,1.0529,0.64141,1.1789,1.0226,1.3165,1.3634,1.4269,1.5605,1.5153,1.6925,1.5788,1.7774,1.6228,1.8324,1.6529,1.8678,1.6734,1.8906,1.6877,1.9053,1.6977
0.28467,1.0523,0.64444,1.1762,1.0274,1.3124,1.3699,1.4214,1.5678,1.5087,1.7005,1.5714,1.7858,1.6148,1.8411,1.6446,1.8766,1.6649,1.8995,1.6789,1.9143,1.6888
0.286,1.0516,0.64747,1.1736,1.0322,1.3083,1.3763,1.4158,1.5752,1.5021,1.7085,1.564,1.7942,1.6069,1.8497,1.6363,1.8854,1.6564,1.9085,1.6702,1.9233,1.68
0.28733,1.051,0.65049,1.1709,1.0371,1.3041,1.3827,1.4102,1.5826,1.4954,1.7164,1.5566,1.8026,1.599,1.8583,1.628,1.8943,1.6479,1.9174,1.6616,1.9322,1.6712
0.28867,1.0503,0.65352,1.1682,1.0419,1.3,1.3892,1.4047,1.5899,1.4888,1.7244,1.5493,1.811,1.5911,1.867,1.6198,1.9031,1.6394,1.9263,1.6529,1.9412,1.6624
0.29,1.0497,0.65654,1.1655,1.0467,1.2959,1.3956,1.3992,1.5973,1.4823,1.7324,1.5419,1.8194,1.5833,1.8756,1.6116,1.9119,1.6309,1.9352,1.6443,1.9502,1.6537
0.29133,1.049,0.65957,1.1629,1.0515,1.2918,1.402,1.3937,1.6046,1.4757,1.7404,1.5346,1.8277,1.5755,1.8843,1.6034,1.9207,1.6225,1.9441,1.6357,1.9592,1.6449
0.29267,1.0484,0.66259,1.1602,1.0564,1.2877,1.4085,1.3882,1.612,1.4692,1.7484,1.5273,1.8361,1.5676,1.8929,1.5952,1.9295,1.6141,1.9531,1.6271,1.9682,1.6362
0.294,1.0477,0.66562,1.1576,1.0612,1.2836,1.4149,1.3827,1.6194,1.4626,1.7564,1.5201,1.8445,1.5598,1.9016,1.5871,1.9383,1.6057,1.962,1.6185,1.9772,1.6275
0.29533,1.0471,0.66864,1.1549,1.066,1.2796,1.4213,1.3772,1.6267,1.4561,1.7644,1.5128,1.8529,1.5521,1.9102,1.5789,1.9471,1.5973,1.9709,1.6099,1.9862,1.6188
0.29667,1.0465,0.67167,1.1523,1.0708,1.2755,1.4277,1.3718,1.6341,1.4496,1.7723,1.5055,1.8613,1.5443,1.9188,1.5708,1.9559,1.5889,1.9798,1.6014,1.9952,1.6102
0.298,1.0458,0.67469,1.1497,1.0756,1.2715,1.4342,1.3664,1.6414,1.4431,1.7803,1.4983,1.8697,1.5365,1.9275,1.5627,1.9647,1.5806,1.9887,1.5929,2.0041,1.6015
0.29933,1.0452,0.67772,1.147,1.0805,1.2674,1.4406,1.3609,1.6488,1.4367,1.7883,1.4911,1.878,1.5288,1.9361,1.5546,1.9736,1.5722,1.9976,1.5844,2.0131,1.5929
0.30067,1.0445,0.68075,1.1444,1.0853,1.2634,1.447,1.3555,1.6562,1.4302,1.7963,1.4839,1.8864,1.5211,1.9448,1.5466,1.9824,1.5639,2.0066,1.5759,2.0221,1.5843
0.302,1.0439,0.68377,1.1418,1.0901,1.2594,1.4535,1.3502,1.6635,1.4238,1.8043,1.4768,1.8948,1.5134,1.9534,1.5385,1.9912,1.5556,2.0155,1.5674,2.0311,1.5758
0.30333,1.0433,0.6868,1.1392,1.0949,1.2554,1.4599,1.3448,1.6709,1.4174,1.8123,1.4696,1.9032,1.5058,1.9621,1.5305,2,1.5474,2.0244,1.559,2.0401,1.5672
0.30467,1.0426,0.68982,1.1366,1.0998,1.2514,1.4663,1.3394,1.6782,1.411,1.8202,1.4625,1.9116,1.4981,1.9707,1.5225,2.0088,1.5391,2.0333,1.5506,2.0491,1.5587
0.306,1.042,0.69285,1.134,1.1046,1.2475,1.4728,1.3341,1.6856,1.4046,1.8282,1.4554,1.92,1.4905,1.9793,1.5145,2.0176,1.5309,2.0422,1.5422,2.0581,1.5501
0.30733,1.0414,0.69587,1.1314,1.1094,1.2435,1.4792,1.3288,1.693,1.3983,1.8362,1.4483,1.9284,1.4829,1.988,1.5065,2.0264,1.5227,2.0512,1.5338,2.0671,1.5416
0.30867,1.0407,0.6989,1.1288,1.1142,1.2395,1.4856,1.3235,1.7003,1.392,1.8442,1.4412,1.9367,1.4753,1.9966,1.4986,2.0352,1.5145,2.0601,1.5255,2.076,1.5332
0.31,1.0401,0.70192,1.1263,1.1191,1.2356,1.4921,1.3182,1.7077,1.3856,1.8522,1.4341,1.9451,1.4677,2.0053,1.4907,2.044,1.5063,2.069,1.5171,2.085,1.5247
0.31133,1.0395,0.70495,1.1237,1.1239,1.2317,1.4985,1.3129,1.7151,1.3793,1.8602,1.4271,1.9535,1.4602,2.0139,1.4828,2.0528,1.4982,2.0779,1.5088,2.094,1.5163
0.31267,1.0389,0.70798,1.1212,1.1287,1.2278,1.5049,1.3077,1.7224,1.373,1.8681,1.4201,1.9619,1.4526,2.0226,1.4749,2.0617,1.4901,2.0868,1.5005,2.103,1.5079
0.314,1.0382,0.711,1.1186,1.1335,1.2238,1.5114,1.3025,1.7298,1.3668,1.8761,1.4131,1.9703,1.4451,2.0312,1.467,2.0705,1.482,2.0957,1.4922,2.112,1.4995
0.31533,1.0376,0.71403,1.1161,1.1384,1.2199,1.5178,1.2972,1.7371,1.3605,1.8841,1.4061,1.9787,1.4376,2.0398,1.4592,2.0793,1.4739,2.1047,1.484,2.121,1.4911
0.31667,1.037,0.71705,1.1136,1.1432,1.2161,1.5242,1.292,1.7445,1.3543,1.8921,1.3991,1.987,1.4301,2.0485,1.4513,2.0881,1.4658,2.1136,1.4758,2.13,1.4827
0.318,1.0364,0.72008,1.1111,1.148,1.2122,1.5306,1.2869,1.7519,1.3481,1.9001,1.3922,1.9954,1.4227,2.0571,1.4435,2.0969,1.4578,2.1225,1.4675,2.139,1.4744
0.31933,1.0358,0.7231,1.1087,1.1528,1.2083,1.5371,1.2817,1.7592,1.3419,1.9081,1.3853,2.0038,1.4152,2.0658,1.4357,2.1057,1.4497,2.1314,1.4594,2.1479,1.4661
0.32067,1.0351,0.72613,1.1062,1.1577,1.2045,1.5435,1.2765,1.7666,1.3357,1.916,1.3783,2.0122,1.4078,2.0744,1.428,2.1145,1.4417,2.1403,1.4512,2.1569,1.4578
0.322,1.0345,0.72915,1.1038,1.1625,1.2006,1.5499,1.2714,1.7739,1.3296,1.924,1.3715,2.0206,1.4004,2.0831,1.4202,2.1233,1.4337,2.1492,1.443,2.1659,1.4495
0.32333,1.0339,0.73218,1.1014,1.1673,1.1968,1.5564,1.2663,1.7813,1.3234,1.932,1.3646,2.029,1.3931,2.0917,1.4125,2.1321,1.4258,2.1582,1.4349,2.1749,1.4413
0.32467,1.0333,0.73521,1.099,1.1721,1.193,1.5628,1.2612,1.7887,1.3173,1.94,1.3577,2.0373,1.3857,2.1004,1.4048,2.141,1.4178,2.1671,1.4268,2.1839,1.4331
0.326,1.0327,0.73823,1.0966,1.1769,1.1892,1.5692,1.2561,1.796,1.3112,1.948,1.3509,2.0457,1.3784,2.109,1.3971,2.1498,1.4099,2.176,1.4187,2.1929,1.4249
0.32733,1.0321,0.74126,1.0943,1.1818,1.1854,1.5757,1.251,1.8034,1.3051,1.956,1.3441,2.0541,1.371,2.1176,1.3895,2.1586,1.402,2.1849,1.4106,2.2019,1.4167
0.32867,1.0314,0.74428,1.092,1.1866,1.1816,1.5821,1.246,1.8107,1.299,1.9639,1.3373,2.0625,1.3637,2.1263,1.3818,2.1674,1.3941,2.1938,1.4026,2.2108,1.4085
0.33,1.0308,0.74731,1.0897,1.1914,1.1779,1.5885,1.2409,1.8181,1.293,1.9719,1.3305,2.0709,1.3565,2.1349,1.3742,2.1762,1.3863,2.2028,1.3946,2.2198,1.4004
0.33133,1.0302,0.75033,1.0874,1.1962,1.1741,1.595,1.2359,1.8255,1.2869,1.9799,1.3238,2.0793,1.3492,2.1436,1.3666,2.185,1.3784,2.2117,1.3866,2.2288,1.3923
0.33267,1.0296,0.75336,1.0852,1.2011,1.1704,1.6014,1.2309,1.8328,1.2809,1.9879,1.317,2.0877,1.342,2.1522,1.359,2.1938,1.3706,2.2206,1.3786,2.2378,1.3842
0.334,1.029,0.75638,1.083,1.2059,1.1666,1.6078,1.2259,1.8402,1.2749,1.9959,1.3103,2.096,1.3347,2.1609,1.3514,2.2026,1.3628,2.2295,1.3706,2.2468,1.3761
0.33533,1.0284,0.75941,1.0808,1.2107,1.1629,1.6143,1.221,1.8475,1.269,2.0039,1.3036,2.1044,1.3275,2.1695,1.3439,2.2114,1.355,2.2384,1.3627,2.2558,1.368
0.33667,1.0278,0.76244,1.0787,1.2155,1.1592,1.6207,1.216,1.8549,1.263,2.0118,1.2969,2.1128,1.3204,2.1781,1.3364,2.2202,1.3473,2.2473,1.3547,2.2648,1.36
0.338,1.0272,0.76546,1.0766,1.2204,1.1555,1.6271,1.2111,1.8623,1.2571,2.0198,1.2903,2.1212,1.3132,2.1868,1.3289,2.2291,1.3395,2.2563,1.3468,2.2738,1.352
0.33933,1.0266,0.76849,1.0745,1.2252,1.1518,1.6335,1.2062,1.8696,1.2511,2.0278,1.2836,2.1296,1.3061,2.1954,1.3214,2.2379,1.3318,2.2652,1.339,2.2827,1.344
0.34067,1.026,0.77151,1.0725,1.23,1.1481,1.64,1.2013,1.877,1.2452,2.0358,1.277,2.138,1.2989,2.2041,1.3139,2.2467,1.3241,2.2741,1.3311,2.2917,1.336
0.342,1.0254,0.77454,1.0705,1.2348,1.1445,1.6464,1.1964,1.8843,1.2394,2.0438,1.2704,2.1463,1.2918,2.2127,1.3065,2.2555,1.3164,2.283,1.3233,2.3007,1.328
0.34333,1.0248,0.77756,1.0685,1.2397,1.1408,1.6528,1.1915,1.8917,1.2335,2.0518,1.2638,2.1547,1.2848,2.2214,1.299,2.2643,1.3088,2.2919,1.3155,2.3097,1.3201
0.34467,1.0242,0.78059,1.0665,1.2445,1.1372,1.6593,1.1867,1.8991,1.2276,2.0597,1.2573,2.1631,1.2777,2.23,1.2916,2.2731,1.3011,2.3009,1.3077,2.3187,1.3122
0.346,1.0236,0.78361,1.0646,1.2493,1.1336,1.6657,1.1819,1.9064,1.2218,2.0677,1.2507,2.1715,1.2707,2.2386,1.2843,2.2819,1.2935,2.3098,1.2999,2.3277,1.3043
0.34733,1.023,0.78664,1.0627,1.2541,1.13,1.6721,1.1771,1.9138,1.216,2.0757,1.2442,2.1799,1.2636,2.2473,1.2769,2.2907,1.2859,2.3187,1.2921,2.3367,1.2965
0.34867,1.0224,0.78967,1.0608,1.2589,1.1264,1.6786,1.1723,1.9212,1.2102,2.0837,1.2377,2.1883,1.2566,2.2559,1.2696,2.2995,1.2784,2.3276,1.2844,2.3457,1.2886
0.35,1.0218,0.79269,1.0589,1.2638,1.1228,1.685,1.1675,1.9285,1.2044,2.0917,1.2312,2.1966,1.2497,2.2646,1.2623,2.3084,1.2708,2.3365,1.2767,2.3546,1.2808
0.35133,1.0212,0.79572,1.0571,1.2686,1.1192,1.6914,1.1627,1.9359,1.1987,2.0997,1.2248,2.205,1.2427,2.2732,1.255,2.3172,1.2633,2.3454,1.269,2.3636,1.273
0.35267,1.0206,0.79874,1.0553,1.2734,1.1157,1.6979,1.158,1.9432,1.193,2.1076,1.2183,2.2134,1.2358,2.2819,1.2477,2.326,1.2558,2.3544,1.2613,2.3726,1.2652
0.354,1.0201,0.80177,1.0535,1.2782,1.1121,1.7043,1.1533,1.9506,1.1873,2.1156,1.2119,2.2218,1.2289,2.2905,1.2404,2.3348,1.2483,2.3633,1.2537,2.3816,1.2575
0.35533,1.0195,0.80479,1.0517,1.2831,1.1086,1.7107,1.1486,1.958,1.1816,2.1236,1.2055,2.2302,1.222,2.2992,1.2332,2.3436,1.2408,2.3722,1.2461,2.3906,1.2497
0.35667,1.0189,0.80782,1.0499,1.2879,1.105,1.7172,1.1439,1.9653,1.1759,2.1316,1.1991,2.2386,1.2151,2.3078,1.226,2.3524,1.2334,2.3811,1.2385,2.3996,1.242
0.358,1.0183,0.81084,1.0482,1.2927,1.1015,1.7236,1.1392,1.9727,1.1702,2.1396,1.1927,2.247,1.2082,2.3164,1.2188,2.3612,1.226,2.39,1.2309,2.4086,1.2343
0.35933,1.0177,0.81387,1.0465,1.2975,1.098,1.73,1.1346,1.98,1.1646,2.1476,1.1864,2.2553,1.2014,2.3251,1.2116,2.37,1.2186,2.399,1.2233,2.4176,1.2267
0.36067,1.0171,0.8169,1.0448,1.3024,1.0946,1.7364,1.1299,1.9874,1.159,2.1555,1.1801,2.2637,1.1946,2.3337,1.2045,2.3788,1.2112,2.4079,1.2158,2.4265,1.219
0.362,1.0165,0.81992,1.0431,1.3072,1.0911,1.7429,1.1253,1.9948,1.1534,2.1635,1.1738,2.2721,1.1878,2.3424,1.1973,2.3876,1.2038,2.4168,1.2083,2.4355,1.2114
0.36333,1.016,0.82295,1.0414,1.312,1.0876,1.7493,1.1207,2.0021,1.1478,2.1715,1.1675,2.2805,1.181,2.351,1.1902,2.3965,1.1965,2.4257,1.2008,2.4445,1.2038
0.36467,1.0154,0.82597,1.0398,1.3168,1.0842,1.7557,1.1162,2.0095,1.1423,2.1795,1.1612,2.2889,1.1743,2.3597,1.1831,2.4053,1.1892,2.4346,1.1933,2.4535,1.1962
0.366,1.0148,0.829,1.0381,1.3217,1.0807,1.7622,1.1116,2.0168,1.1367,2.1875,1.155,2.2973,1.1675,2.3683,1.1761,2.4141,1.1819,2.4435,1.1859,2.4625,1.1886
0.36733,1.0142,0.83202,1.0365,1.3265,1.0773,1.7686,1.1071,2.0242,1.1312,2.1955,1.1488,2.3056,1.1608,2.3769,1.169,2.4229,1.1746,2.4525,1.1784,2.4715,1.1811
0.36867,1.0136,0.83505,1.0349,1.3313,1.0739,1.775,1.1026,2.0316,1.1257,2.2034,1.1426,2.314,1.1541,2.3856,1.162,2.4317,1.1674,2.4614,1.171,2.4805,1.1736
0.37,1.0131,0.83807,1.0333,1.3361,1.0705,1.7815,1.0981,2.0389,1.1202,2.2114,1.1364,2.3224,1.1475,2.3942,1.155,2.4405,1.1601,2.4703,1.1637,2.4895,1.1661
0.37133,1.0125,0.8411,1.0317,1.3409,1.0672,1.7879,1.0936,2.0463,1.1148,2.2194,1.1302,2.3308,1.1408,2.4029,1.148,2.4493,1.1529,2.4792,1.1563,2.4984,1.1586
0.37267,1.0119,0.84413,1.0302,1.3458,1.0638,1.7943,1.0891,2.0536,1.1093,2.2274,1.1241,2.3392,1.1342,2.4115,1.1411,2.4581,1.1458,2.4881,1.149,2.5074,1.1512
0.374,1.0113,0.84715,1.0286,1.3506,1.0604,1.8008,1.0847,2.061,1.1039,2.2354,1.118,2.3476,1.1276,2.4202,1.1341,2.4669,1.1386,2.4971,1.1416,2.5164,1.1438
0.37533,1.0107,0.85018,1.0271,1.3554,1.0571,1.8072,1.0803,2.0684,1.0985,2.2434,1.1119,2.3559,1.121,2.4288,1.1272,2.4758,1.1315,2.506,1.1343,2.5254,1.1364
0.37667,1.0102,0.8532,1.0256,1.3602,1.0538,1.8136,1.0758,2.0757,1.0932,2.2513,1.1058,2.3643,1.1144,2.4374,1.1203,2.4846,1.1243,2.5149,1.1271,2.5344,1.129
0.378,1.0096,0.85623,1.0241,1.3651,1.0505,1.8201,1.0715,2.0831,1.0878,2.2593,1.0997,2.3727,1.1079,2.4461,1.1135,2.4934,1.1172,2.5238,1.1198,2.5434,1.1216
0.37933,1.009,0.85925,1.0226,1.3699,1.0472,1.8265,1.0671,2.0904,1.0825,2.2673,1.0937,2.3811,1.1014,2.4547,1.1066,2.5022,1.1102,2.5327,1.1126,2.5524,1.1143
0.38067,1.0085,0.86228,1.0211,1.3747,1.044,1.8329,1.0628,2.0978,1.0772,2.2753,1.0877,2.3895,1.0949,2.4634,1.0998,2.511,1.1031,2.5416,1.1054,2.5613,1.107
0.382,1.0079,0.8653,1.0196,1.3795,1.0407,1.8393,1.0584,2.1052,1.0719,2.2833,1.0817,2.3979,1.0884,2.472,1.093,2.5198,1.0961,2.5506,1.0982,2.5703,1.0997
0.38333,1.0073,0.86833,1.0181,1.3844,1.0375,1.8458,1.0541,2.1125,1.0666,2.2913,1.0757,2.4062,1.082,2.4807,1.0862,2.5286,1.0891,2.5595,1.091,2.5793,1.0924
0.38467,1.0068,0.87135,1.0167,1.3892,1.0344,1.8522,1.0498,2.1199,1.0613,2.2992,1.0698,2.4146,1.0755,2.4893,1.0794,2.5374,1.0821,2.5684,1.0839,2.5883,1.0852
0.386,1.0062,0.87438,1.0152,1.394,1.0312,1.8586,1.0456,2.1273,1.0561,2.3072,1.0638,2.423,1.0691,2.498,1.0727,2.5462,1.0751,2.5773,1.0768,2.5973,1.0779
0.38733,1.0056,0.87741,1.0138,1.3988,1.0281,1.8651,1.0413,2.1346,1.0509,2.3152,1.0579,2.4314,1.0627,2.5066,1.066,2.555,1.0682,2.5862,1.0697,2.6063,1.0707
0.38867,1.0051,0.88043,1.0124,1.4037,1.0251,1.8715,1.0371,2.142,1.0457,2.3232,1.052,2.4398,1.0563,2.5152,1.0593,2.5639,1.0613,2.5952,1.0626,2.6153,1.0636
0.39,1.0045,0.88346,1.011,1.4085,1.0221,1.8779,1.0329,2.1493,1.0406,2.3312,1.0462,2.4482,1.05,2.5239,1.0526,2.5727,1.0544,2.6041,1.0556,2.6243,1.0564
0.39133,1.0039,0.88648,1.0096,1.4133,1.0191,1.8844,1.0287,2.1567,1.0354,2.3392,1.0403,2.4566,1.0437,2.5325,1.046,2.5815,1.0475,2.613,1.0486,2.6332,1.0493
0.39267,1.0034,0.88951,1.0082,1.4181,1.0162,1.8908,1.0245,2.1641,1.0303,2.3471,1.0345,2.4649,1.0374,2.5412,1.0393,2.5903,1.0406,2.6219,1.0415,2.6422,1.0422
0.394,1.0028,0.89253,1.0068,1.4229,1.0134,1.8972,1.0204,2.1714,1.0252,2.3551,1.0287,2.4733,1.0311,2.5498,1.0327,2.5991,1.0338,2.6308,1.0346,2.6512,1.0351
0.39533,1.0022,0.89556,1.0054,1.4278,1.0106,1.9037,1.0163,2.1788,1.0201,2.3631,1.0229,2.4817,1.0248,2.5585,1.0261,2.6079,1.027,2.6397,1.0276,2.6602,1.028
0.39667,1.0017,0.89858,1.004,1.4326,1.0079,1.9101,1.0122,2.1861,1.015,2.3711,1.0172,2.4901,1.0186,2.5671,1.0196,2.6167,1.0202,2.6487,1.0207,2.6692,1.021
0.398,1.0011,0.90161,1.0027,1.4374,1.0052,1.9165,1.0081,2.1935,1.01,2.3791,1.0114,2.4985,1.0124,2.5757,1.013,2.6255,1.0135,2.6576,1.0138,2.6782,1.014
0.39933,1.0006,0.90464,1.0013,1.4422,1.0026,1.923,1.004,2.2009,1.005,2.3871,1.0057,2.5069,1.0062,2.5844,1.0065,2.6343,1.0067,2.6665,1.0069,2.6872,1.007
0.401,1,0.90766,1,1.4471,1,1.9294,1,2.2082,1,2.395,1,2.5152,1,2.593,1,2.6432,1,2.6754,1,2.6962,1
0.403,1,0.90797,1,1.4456,1,1.9263,1,2.2042,1,2.3904,1,2.5102,1,2.5877,1,2.6377,1,2.6698,1,2.6905,1
0.405,1,0.90828,1,1.4441,1,1.9232,1,2.2002,1,2.3857,1,2.5051,1,2.5824,1,2.6322,1,2.6642,1,2.6848,1
0.407,1,0.90858,1,1.4426,1,1.9201,1,2.1961,1,2.3811,1,2.5001,1,2.5771,1,2.6267,1,2.6587,1,2.6792,1
0.409,1,0.90889,1,1.4411,1,1.917,1,2.1921,1,2.3764,1,2.495,1,2.5718,1,2.6212,1,2.6531,1,2.6735,1
0.411,1,0.9092,1,1.4396,1,1.9139,1,2.1881,1,2.3718,1,2.49,1,2.5665,1,2.6158,1,2.6475,1,2.6679,1
0.413,1,0.90951,1,1.4381,1,1.9108,1,2.1841,1,2.3671,1,2.4849,1,2.5612,1,2.6103,1,2.6419,1,2.6622,1
0.415,1,0.90982,1,1.4366,1,1.9077,1,2.18,1,2.3625,1,2.4799,1,2.5559,1,2.6048,1,2.6363,1,2.6566,1
0.417,1,0.91012,1,1.4351,1,1.9046,1,2.176,1,2.3578,1,2.4748,1,2.5505,1,2.5993,1,2.6307,1,2.6509,1
0.419,1,0.91043,1,1.4337,1,1.9015,1,2.172,1,2.3532,1,2.4698,1,2.5452,1,2.5939,1,2.6252,1,2.6453,1
0.421,1,0.91074,1,1.4322,1,1.8984,1,2.1679,1,2.3485,1,2.4647,1,2.5399,1,2.5884,1,2.6196,1,2.6396,1
0.423,1,0.91105,1,1.4307,1,1.8953,1,2.1639,1,2.3439,1,2.4597,1,2.5346,1,2.5829,1,2.614,1,2.634,1
0.425,1,0.91135,1,1.4292,1,1.8922,1,2.1599,1,2.3392,1,2.4546,1,2.5293,1,2.5774,1,2.6084,1,2.6283,1
0.427,1,0.91166,1,1.4277,1,1.8891,1,2.1559,1,2.3346,1,2.4496,1,2.524,1,2.5719,1,2.6028,1,2.6227,1
0.429,1,0.91197,1,1.4262,1,1.886,1,2.1518,1,2.3299,1,2.4445,1,2.5187,1,2.5665,1,2.5972,1,2.617,1
0.431,1,0.91228,1,1.4247,1,1.8829,1,2.1478,1,2.3253,1,2.4395,1,2.5134,1,2.561,1,2.5916,1,2.6113,1
0.433,1,0.91259,1,1.4232,1,1.8798,1,2.1438,1,2.3206,1,2.4344,1,2.5081,1,2.5555,1,2.5861,1,2.6057,1
0.435,1,0.91289,1,1.4217,1,1.8767,1,2.1398,1,2.316,1,2.4294,1,2.5028,1,2.55,1,2.5805,1,2.6,1
0.437,1,0.9132,1,1.4202,1,1.8736,1,2.1357,1,2.3113,1,2.4243,1,2.4974,1,2.5446,1,2.5749,1,2.5944,1
0.439,1,0.91351,1,1.4187,1,1.8705,1,2.1317,1,2.3067,1,2.4193,1,2.4921,1,2.5391,1,2.5693,1,2.5887,1
0.441,1,0.91382,1,1.4173,1,1.8674,1,2.1277,1,2.302,1,2.4142,1,2.4868,1,2.5336,1,2.5637,1,2.5831,1
0.443,1,0.91413,1,1.4158,1,1.8643,1,2.1236,1,2.2974,1,2.4092,1,2.4815,1,2.5281,1,2.5581,1,2.5774,1
0.445,1,0.91443,1,1.4143,1,1.8612,1,2.1196,1,2.2927,1,2.4041,1,2.4762,1,2.5227,1,2.5526,1,2.5718,1
0.447,1,0.91474,1,1.4128,1,1.8581,1,2.1156,1,2.2881,1,2.3991,1,2.4709,1,2.5172,1,2.547,1,2.5661,1
0.449,1,0.91505,1,1.4113,1,1.855,1,2.1116,1,2.2834,1,2.394,1,2.4656,1,2.5117,1,2.5414,1,2.5605,1
0.451,1,0.91536,1,1.4098,1,1.8519,1,2.1075,1,2.2788,1,2.389,1,2.4603,1,2.5062,1,2.5358,1,2.5548,1
0.453,1,0.91566,1,1.4083,1,1.8488,1,2.1035,1,2.2741,1,2.3839,1,2.455,1,2.5007,1,2.5302,1,2.5492,1
0.455,1,0.91597,1,1.4068,1,1.8457,1,2.0995,1,2.2695,1,2.3789,1,2.4497,1,2.4953,1,2.5246,1,2.5435,1
0.457,1,0.91628,1,1.4053,1,1.8426,1,2.0955,1,2.2648,1,2.3738,1,2.4443,1,2.4898,1,2.519,1,2.5378,1
0.459,1,0.91659,1,1.4038,1,1.8395,1,2.0914,1,2.2602,1,2.3688,1,2.439,1,2.4843,1,2.5135,1,2.5322,1
0.461,1,0.9169,1,1.4024,1,1.8364,1,2.0874,1,2.2555,1,2.3637,1,2.4337,1,2.4788,1,2.5079,1,2.5265,1
0.463,1,0.9172,1,1.4009,1,1.8334,1,2.0834,1,2.2509,1,2.3587,1,2.4284,1,2.4734,1,2.5023,1,2.5209,1
0.465,1,0.91751,1,1.3994,1,1.8303,1,2.0793,1,2.2462,1,2.3536,1,2.4231,1,2.4679,1,2.4967,1,2.5152,1
0.467,1,0.91782,1,1.3979,1,1.8272,1,2.0753,1,2.2416,1,2.3486,1,2.4178,1,2.4624,1,2.4911,1,2.5096,1
0.469,1,0.91813,1,1.3964,1,1.8241,1,2.0713,1,2.2369,1,2.3435,1,2.4125,1,2.4569,1,2.4855,1,2.5039,1
0.471,1,0.91843,1,1.3949,1,1.821,1,2.0673,1,2.2323,1,2.3385,1,2.4072,1,2.4515,1,2.4799,1,2.4983,1
0.473,1,0.91874,1,1.3934,1,1.8179,1,2.0632,1,2.2276,1,2.3334,1,2.4019,1,2.446,1,2.4744,1,2.4926,1
0.475,1,0.91905,1,1.3919,1,1.8148,1,2.0592,1,2.223,1,2.3284,1,2.3966,1,2.4405,1,2.4688,1,2.487,1
0.477,1,0.91936,1,1.3904,1,1.8117,1,2.0552,1,2.2183,1,2.3233,1,2.3912,1,2.435,1,2.4632,1,2.4813,1
0.479,1,0.91967,1,1.3889,1,1.8086,1,2.0512,1,2.2137,1,2.3183,1,2.3859,1,2.4295,1,2.4576,1,2.4757,1
0.481,1,0.91997,1,1.3875,1,1.8055,1,2.0471,1,2.209,1,2.3132,1,2.3806,1,2.4241,1,2.452,1,2.47,1
0.483,1,0.92028,1,1.386,1,1.8024,1,2.0431,1,2.2044,1,2.3082,1,2.3753,1,2.4186,1,2.4464,1,2.4643,1
0.485,1,0.92059,1,1.3845,1,1.7993,1,2.0391,1,2.1997,1,2.3031,1,2.37,1,2.4131,1,2.4409,1,2.4587,1
0.487,1,0.9209,1,1.383,1,1.7962,1,2.035,1,2.1951,1,2.2981,1,2.3647,1,2.4076,1,2.4353,1,2.453,1
0.489,1,0.9212,1,1.3815,1,1.7931,1,2.031,1,2.1904,1,2.293,1,2.3594,1,2.4022,1,2.4297,1,2.4474,1
0.491,1,0.92151,1,1.38,1,1.79,1,2.027,1,2.1858,1,2.288,1,2.3541,1,2.3967,1,2.4241,1,2.4417,1
0.493,1,0.92182,1,1.3785,1,1.7869,1,2.023,1,2.1811,1,2.2829,1,2.3488,1,2.3912,1,2.4185,1,2.4361,1
0.495,1,0.92213,1,1.377,1,1.7838,1,2.0189,1,2.1765,1,2.2779,1,2.3435,1,2.3857,1,2.4129,1,2.4304,1
0.497,1,0.92244,1,1.3755,1,1.7807,1,2.0149,1,2.1718,1,2.2728,1,2.3381,1,2.3802,1,2.4073,1,2.4248,1
0.499,1,0.92274,1,1.374,1,1.7776,1,2.0109,1,2.1672,1,2.2678,1,2.3328,1,2.3748,1,2.4018,1,2.4191,1
0.501,1,0.92305,1,1.3726,1,1.7745,1,2.0068,1,2.1625,1,2.2627,1,2.3275,1,2.3693,1,2.3962,1,2.4135,1
0.503,1,0.92336,1,1.3711,1,1.7714,1,2.0028,1,2.1579,1,2.2577,1,2.3222,1,2.3638,1,2.3906,1,2.4078,1
0.505,1,0.92367,1,1.3696,1,1.7683,1,1.9988,1,2.1532,1,2.2526,1,2.3169,1,2.3583,1,2.385,1,2.4022,1
0.507,1,0.92397,1,1.3681,1,1.7652,1,1.9948,1,2.1486,1,2.2476,1,2.3116,1,2.3529,1,2.3794,1,2.3965,1
0.509,1,0.92428,1,1.3666,1,1.7621,1,1.9907,1,2.1439,1,2.2425,1,2.3063,1,2.3474,1,2.3738,1,2.3908,1
0.511,1,0.92459,1,1.3651,1,1.759,1,1.9867,1,2.1393,1,2.2374,1,2.301,1,2.3419,1,2.3683,1,2.3852,1
0.513,1,0.9249,1,1.3636,1,1.7559,1,1.9827,1,2.1346,1,2.2324,1,2.2957,1,2.3364,1,2.3627,1,2.3795,1
0.515,1,0.92521,1,1.3621,1,1.7528,1,1.9787,1,2.13,1,2.2273,1,2.2904,1,2.331,1,2.3571,1,2.3739,1
0.517,1,0.92551,1,1.3606,1,1.7497,1,1.9746,1,2.1253,1,2.2223,1,2.285,1,2.3255,1,2.3515,1,2.3682,1
0.519,1,0.92582,1,1.3591,1,1.7466,1,1.9706,1,2.1207,1,2.2172,1,2.2797,1,2.32,1,2.3459,1,2.3626,1
0.521,1,0.92613,1,1.3577,1,1.7435,1,1.9666,1,2.116,1,2.2122,1,2.2744,1,2.3145,1,2.3403,1,2.3569,1
0.523,1,0.92644,1,1.3562,1,1.7404,1,1.9625,1,2.1114,1,2.2071,1,2.2691,1,2.309,1,2.3347,1,2.3513,1
0.525,1,0.92674,1,1.3547,1,1.7373,1,1.9585,1,2.1067,1,2.2021,1,2.2638,1,2.3036,1,2.3292,1,2.3456,1
0.527,1,0.92705,1,1.3532,1,1.7342,1,1.9545,1,2.1021,1,2.197,1,2.2585,1,2.2981,1,2.3236,1,2.34,1
0.529,1,0.92736,1,1.3517,1,1.7311,1,1.9505,1,2.0974,1,2.192,1,2.2532,1,2.2926,1,2.318,1,2.3343,1
0.531,1,0.92767,1,1.3502,1,1.728,1,1.9464,1,2.0928,1,2.1869,1,2.2479,1,2.2871,1,2.3124,1,2.3287,1
0.533,1,0.92798,1,1.3487,1,1.7249,1,1.9424,1,2.0881,1,2.1819,1,2.2426,1,2.2817,1,2.3068,1,2.323,1
0.535,1,0.92828,1,1.3472,1,1.7218,1,1.9384,1,2.0835,1,2.1768,1,2.2373,1,2.2762,1,2.3012,1,2.3173,1
0.537,1,0.92859,1,1.3457,1,1.7187,1,1.9344,1,2.0788,1,2.1718,1,2.2319,1,2.2707,1,2.2957,1,2.3117,1
0.539,1,0.9289,1,1.3442,1,1.7156,1,1.9303,1,2.0742,1,2.1667,1,2.2266,1,2.2652,1,2.2901,1,2.306,1
0.541,1,0.92921,1,1.3427,1,1.7125,1,1.9263,1,2.0695,1,2.1617,1,2.2213,1,2.2597,1,2.2845,1,2.3004,1
0.543,1,0.92951,1,1.3413,1,1.7094,1,1.9223,1,2.0649,1,2.1566,1,2.216,1,2.2543,1,2.2789,1,2.2947,1
0.545,1,0.92982,1,1.3398,1,1.7063,1,1.9182,1,2.0602,1,2.1516,1,2.2107,1,2.2488,1,2.2733,1,2.2891,1
0.547,1,0.93013,1,1.3383,1,1.7032,1,1.9142,1,2.0556,1,2.1465,1,2.2054,1,2.2433,1,2.2677,1,2.2834,1
0.549,1,0.93044,1,1.3368,1,1.7001,1,1.9102,1,2.0509,1,2.1415,1,2.2001,1,2.2378,1,2.2621,1,2.2778,1
0.551,1,0.93075,1,1.3353,1,1.697,1,1.9062,1,2.0463,1,2.1364,1,2.1948,1,2.2324,1,2.2566,1,2.2721,1
0.553,1,0.93105,1,1.3338,1,1.6939,1,1.9021,1,2.0416,1,2.1314,1,2.1895,1,2.2269,1,2.251,1,2.2665,1
0.555,1,0.93136,1,1.3323,1,1.6908,1,1.8981,1,2.037,1,2.1263,1,2.1842,1,2.2214,1,2.2454,1,2.2608,1
0.557,1,0.93167,1,1.3308,1,1.6877,1,1.8941,1,2.0323,1,2.1213,1,2.1788,1,2.2159,1,2.2398,1,2.2552,1
0.559,1,0.93198,1,1.3293,1,1.6846,1,1.8901,1,2.0277,1,2.1162,1,2.1735,1,2.2105,1,2.2342,1,2.2495,1
0.561,1,0.93228,1,1.3278,1,1.6816,1,1.886,1,2.023,1,2.1112,1,2.1682,1,2.205,1,2.2286,1,2.2438,1
0.563,1,0.93259,1,1.3264,1,1.6785,1,1.882,1,2.0184,1,2.1061,1,2.1629,1,2.1995,1,2.2231,1,2.2382,1
0.565,1,0.9329,1,1.3249,1,1.6754,1,1.878,1,2.0137,1,2.1011,1,2.1576,1,2.194,1,2.2175,1,2.2325,1
0.567,1,0.93321,1,1.3234,1,1.6723,1,1.8739,1,2.0091,1,2.096,1,2.1523,1,2.1885,1,2.2119,1,2.2269,1
0.569,1,0.93352,1,1.3219,1,1.6692,1,1.8699,1,2.0044,1,2.091,1,2.147,1,2.1831,1,2.2063,1,2.2212,1
0.571,1,0.93382,1,1.3204,1,1.6661,1,1.8659,1,1.9998,1,2.0859,1,2.1417,1,2.1776,1,2.2007,1,2.2156,1
0.573,1,0.93413,1,1.3189,1,1.663,1,1.8619,1,1.9951,1,2.0809,1,2.1364,1,2.1721,1,2.1951,1,2.2099,1
0.575,1,0.93444,1,1.3174,1,1.6599,1,1.8578,1,1.9905,1,2.0758,1,2.1311,1,2.1666,1,2.1895,1,2.2043,1
0.577,1,0.93475,1,1.3159,1,1.6568,1,1.8538,1,1.9858,1,2.0708,1,2.1257,1,2.1612,1,2.184,1,2.1986,1
0.579,1,0.93506,1,1.3144,1,1.6537,1,1.8498,1,1.9812,1,2.0657,1,2.1204,1,2.1557,1,2.1784,1,2.193,1
0.581,1,0.93536,1,1.3129,1,1.6506,1,1.8458,1,1.9765,1,2.0607,1,2.1151,1,2.1502,1,2.1728,1,2.1873,1
0.583,1,0.93567,1,1.3115,1,1.6475,1,1.8417,1,1.9719,1,2.0556,1,2.1098,1,2.1447,1,2.1672,1,2.1817,1
0.585,1,0.93598,1,1.31,1,1.6444,1,1.8377,1,1.9672,1,2.0506,1,2.1045,1,2.1393,1,2.1616,1,2.176,1
0.587,1,0.93629,1,1.3085,1,1.6413,1,1.8337,1,1.9626,1,2.0455,1,2.0992,1,2.1338,1,2.156,1,2.1703,1
0.589,1,0.93659,1,1.307,1,1.6382,1,1.8296,1,1.9579,1,2.0405,1,2.0939,1,2.1283,1,2.1505,1,2.1647,1
0.591,1,0.9369,1,1.3055,1,1.6351,1,1.8256,1,1.9533,1,2.0354,1,2.0886,1,2.1228,1,2.1449,1,2.159,1
0.593,1,0.93721,1,1.304,1,1.632,1,1.8216,1,1.9486,1,2.0304,1,2.0833,1,2.1173,1,2.1393,1,2.1534,1
0.595,1,0.93752,1,1.3025,1,1.6289,1,1.8176,1,1.944,1,2.0253,1,2.0779,1,2.1119,1,2.1337,1,2.1477,1
0.597,1,0.93783,1,1.301,1,1.6258,1,1.8135,1,1.9393,1,2.0203,1,2.0726,1,2.1064,1,2.1281,1,2.1421,1
0.599,1,0.93813,1,1.2995,1,1.6227,1,1.8095,1,1.9347,1,2.0152,1,2.0673,1,2.1009,1,2.1225,1,2.1364,1
0.601,1,0.93844,1,1.298,1,1.6196,1,1.8055,1,1.93,1,2.0102,1,2.062,1,2.0954,1,2.1169,1,2.1308,1
0.603,1,0.93875,1,1.2966,1,1.6165,1,1.8015,1,1.9254,1,2.0051,1,2.0567,1,2.09,1,2.1114,1,2.1251,1
0.605,1,0.93906,1,1.2951,1,1.6134,1,1.7974,1,1.9207,1,2.0001,1,2.0514,1,2.0845,1,2.1058,1,2.1195,1
0.607,1,0.93936,1,1.2936,1,1.6103,1,1.7934,1,1.9161,1,1.995,1,2.0461,1,2.079,1,2.1002,1,2.1138,1
0.609,1,0.93967,1,1.2921,1,1.6072,1,1.7894,1,1.9114,1,1.99,1,2.0408,1,2.0735,1,2.0946,1,2.1082,1
0.611,1,0.93998,1,1.2906,1,1.6041,1,1.7853,1,1.9068,1,1.9849,1,2.0355,1,2.068,1,2.089,1,2.1025,1
0.613,1,0.94029,1,1.2891,1,1.601,1,1.7813,1,1.9021,1,1.9799,1,2.0302,1,2.0626,1,2.0834,1,2.0968,1
0.615,1,0.9406,1,1.2876,1,1.5979,1,1.7773,1,1.8975,1,1.9748,1,2.0248,1,2.0571,1,2.0778,1,2.0912,1
0.617,1,0.9409,1,1.2861,1,1.5948,1,1.7733,1,1.8928,1,1.9698,1,2.0195,1,2.0516,1,2.0723,1,2.0855,1
0.619,1,0.94121,1,1.2846,1,1.5917,1,1.7692,1,1.8882,1,1.9647,1,2.0142,1,2.0461,1,2.0667,1,2.0799,1
0.621,1,0.94152,1,1.2831,1,1.5886,1,1.7652,1,1.8835,1,1.9597,1,2.0089,1,2.0407,1,2.0611,1,2.0742,1
0.623,1,0.94183,1,1.2816,1,1.5855,1,1.7612,1,1.8789,1,1.9546,1,2.0036,1,2.0352,1,2.0555,1,2.0686,1
0.625,1,0.94213,1,1.2802,1,1.5824,1,1.7572,1,1.8742,1,1.9496,1,1.9983,1,2.0297,1,2.0499,1,2.0629,1
0.627,1,0.94244,1,1.2787,1,1.5793,1,1.7531,1,1.8696,1,1.9445,1,1.993,1,2.0242,1,2.0443,1,2.0573,1
0.629,1,0.94275,1,1.2772,1,1.5762,1,1.7491,1,1.8649,1,1.9395,1,1.9877,1,2.0188,1,2.0388,1,2.0516,1
0.631,1,0.94306,1,1.2757,1,1.5731,1,1.7451,1,1.8603,1,1.9344,1,1.9824,1,2.0133,1,2.0332,1,2.046,1
0.633,1,0.94337,1,1.2742,1,1.57,1,1.741,1,1.8556,1,1.9293,1,1.9771,1,2.0078,1,2.0276,1,2.0403,1
0.635,1,0.94367,1,1.2727,1,1.5669,1,1.737,1,1.851,1,1.9243,1,1.9717,1,2.0023,1,2.022,1,2.0347,1
0.637,1,0.94398,1,1.2712,1,1.5638,1,1.733,1,1.8463,1,1.9192,1,1.9664,1,1.9968,1,2.0164,1,2.029,1
0.639,1,0.94429,1,1.2697,1,1.5607,1,1.729,1,1.8417,1,1.9142,1,1.9611,1,1.9914,1,2.0108,1,2.0233,1
0.641,1,0.9446,1,1.2682,1,1.5576,1,1.7249,1,1.837,1,1.9091,1,1.9558,1,1.9859,1,2.0052,1,2.0177,1
0.643,1,0.9449,1,1.2667,1,1.5545,1,1.7209,1,1.8324,1,1.9041,1,1.9505,1,1.9804,1,1.9997,1,2.012,1
0.645,1,0.94521,1,1.2653,1,1.5514,1,1.7169,1,1.8277,1,1.899,1,1.9452,1,1.9749,1,1.9941,1,2.0064,1
0.647,1,0.94552,1,1.2638,1,1.5483,1,1.7128,1,1.8231,1,1.894,1,1.9399,1,1.9695,1,1.9885,1,2.0007,1
0.649,1,0.94583,1,1.2623,1,1.5452,1,1.7088,1,1.8184,1,1.8889,1,1.9346,1,1.964,1,1.9829,1,1.9951,1
0.651,1,0.94614,1,1.2608,1,1.5421,1,1.7048,1,1.8138,1,1.8839,1,1.9293,1,1.9585,1,1.9773,1,1.9894,1
0.653,1,0.94644,1,1.2593,1,1.539,1,1.7008,1,1.8091,1,1.8788,1,1.924,1,1.953,1,1.9717,1,1.9838,1
0.655,1,0.94675,1,1.2578,1,1.5359,1,1.6967,1,1.8045,1,1.8738,1,1.9186,1,1.9476,1,1.9662,1,1.9781,1
0.657,1,0.94706,1,1.2563,1,1.5328,1,1.6927,1,1.7998,1,1.8687,1,1.9133,1,1.9421,1,1.9606,1,1.9725,1
0.659,1,0.94737,1,1.2548,1,1.5298,1,1.6887,1,1.7952,1,1.8637,1,1.908,1,1.9366,1,1.955,1,1.9668,1
0.661,1,0.94767,1,1.2533,1,1.5267,1,1.6847,1,1.7905,1,1.8586,1,1.9027,1,1.9311,1,1.9494,1,1.9612,1
0.663,1,0.94798,1,1.2518,1,1.5236,1,1.6806,1,1.7859,1,1.8536,1,1.8974,1,1.9256,1,1.9438,1,1.9555,1
0.665,1,0.94829,1,1.2504,1,1.5205,1,1.6766,1,1.7812,1,1.8485,1,1.8921,1,1.9202,1,1.9382,1,1.9498,1
0.667,1,0.9486,1,1.2489,1,1.5174,1,1.6726,1,1.7766,1,1.8435,1,1.8868,1,1.9147,1,1.9326,1,1.9442,1
0.669,1,0.94891,1,1.2474,1,1.5143,1,1.6685,1,1.7719,1,1.8384,1,1.8815,1,1.9092,1,1.9271,1,1.9385,1
0.671,1,0.94921,1,1.2459,1,1.5112,1,1.6645,1,1.7673,1,1.8334,1,1.8762,1,1.9037,1,1.9215,1,1.9329,1
0.673,1,0.94952,1,1.2444,1,1.5081,1,1.6605,1,1.7626,1,1.8283,1,1.8709,1,1.8983,1,1.9159,1,1.9272,1
0.675,1,0.94983,1,1.2429,1,1.505,1,1.6565,1,1.758,1,1.8233,1,1.8655,1,1.8928,1,1.9103,1,1.9216,1
0.677,1,0.95014,1,1.2414,1,1.5019,1,1.6524,1,1.7533,1,1.8182,1,1.8602,1,1.8873,1,1.9047,1,1.9159,1
0.679,1,0.95044,1,1.2399,1,1.4988,1,1.6484,1,1.7487,1,1.8132,1,1.8549,1,1.8818,1,1.8991,1,1.9103,1
0.681,1,0.95075,1,1.2384,1,1.4957,1,1.6444,1,1.744,1,1.8081,1,1.8496,1,1.8763,1,1.8936,1,1.9046,1
0.683,1,0.95106,1,1.2369,1,1.4926,1,1.6404,1,1.7394,1,1.8031,1,1.8443,1,1.8709,1,1.888,1,1.899,1
0.685,1,0.95137,1,1.2355,1,1.4895,1,1.6363,1,1.7347,1,1.798,1,1.839,1,1.8654,1,1.8824,1,1.8933,1
0.687,1,0.95168,1,1.234,1,1.4864,1,1.6323,1,1.7301,1,1.793,1,1.8337,1,1.8599,1,1.8768,1,1.8877,1
0.689,1,0.95198,1,1.2325,1,1.4833,1,1.6283,1,1.7254,1,1.7879,1,1.8284,1,1.8544,1,1.8712,1,1.882,1
0.691,1,0.95229,1,1.231,1,1.4802,1,1.6242,1,1.7208,1,1.7829,1,1.8231,1,1.849,1,1.8656,1,1.8763,1
0.693,1,0.9526,1,1.2295,1,1.4771,1,1.6202,1,1.7161,1,1.7778,1,1.8178,1,1.8435,1,1.86,1,1.8707,1
0.695,1,0.95291,1,1.228,1,1.474,1,1.6162,1,1.7115,1,1.7728,1,1.8124,1,1.838,1,1.8545,1,1.865,1
0.697,1,0.95322,1,1.2265,1,1.4709,1,1.6122,1,1.7068,1,1.7677,1,1.8071,1,1.8325,1,1.8489,1,1.8594,1
0.699,1,0.95352,1,1.225,1,1.4678,1,1.6081,1,1.7022,1,1.7627,1,1.8018,1,1.8271,1,1.8433,1,1.8537,1
0.701,1,0.95383,1,1.2235,1,1.4647,1,1.6041,1,1.6975,1,1.7576,1,1.7965,1,1.8216,1,1.8377,1,1.8481,1
0.703,1,0.95414,1,1.222,1,1.4616,1,1.6001,1,1.6929,1,1.7526,1,1.7912,1,1.8161,1,1.8321,1,1.8424,1
0.705,1,0.95445,1,1.2206,1,1.4585,1,1.5961,1,1.6882,1,1.7475,1,1.7859,1,1.8106,1,1.8265,1,1.8368,1
0.707,1,0.95475,1,1.2191,1,1.4554,1,1.592,1,1.6836,1,1.7425,1,1.7806,1,1.8051,1,1.821,1,1.8311,1
0.709,1,0.95506,1,1.2176,1,1.4523,1,1.588,1,1.6789,1,1.7374,1,1.7753,1,1.7997,1,1.8154,1,1.8255,1
0.711,1,0.95537,1,1.2161,1,1.4492,1,1.584,1,1.6743,1,1.7324,1,1.77,1,1.7942,1,1.8098,1,1.8198,1
0.713,1,0.95568,1,1.2146,1,1.4461,1,1.5799,1,1.6696,1,1.7273,1,1.7647,1,1.7887,1,1.8042,1,1.8142,1
0.715,1,0.95599,1,1.2131,1,1.443,1,1.5759,1,1.665,1,1.7223,1,1.7593,1,1.7832,1,1.7986,1,1.8085,1
0.717,1,0.95629,1,1.2116,1,1.4399,1,1.5719,1,1.6603,1,1.7172,1,1.754,1,1.7778,1,1.793,1,1.8028,1
0.719,1,0.9566,1,1.2101,1,1.4368,1,1.5679,1,1.6557,1,1.7122,1,1.7487,1,1.7723,1,1.7874,1,1.7972,1
0.721,1,0.95691,1,1.2086,1,1.4337,1,1.5638,1,1.651,1,1.7071,1,1.7434,1,1.7668,1,1.7819,1,1.7915,1
0.723,1,0.95722,1,1.2071,1,1.4306,1,1.5598,1,1.6464,1,1.7021,1,1.7381,1,1.7613,1,1.7763,1,1.7859,1
0.725,1,0.95752,1,1.2056,1,1.4275,1,1.5558,1,1.6417,1,1.697,1,1.7328,1,1.7558,1,1.7707,1,1.7802,1
0.727,1,0.95783,1,1.2042,1,1.4244,1,1.5518,1,1.6371,1,1.692,1,1.7275,1,1.7504,1,1.7651,1,1.7746,1
0.729,1,0.95814,1,1.2027,1,1.4213,1,1.5477,1,1.6324,1,1.6869,1,1.7222,1,1.7449,1,1.7595,1,1.7689,1
0.731,1,0.95845,1,1.2012,1,1.4182,1,1.5437,1,1.6278,1,1.6819,1,1.7169,1,1.7394,1,1.7539,1,1.7633,1
0.733,1,0.95876,1,1.1997,1,1.4151,1,1.5397,1,1.6231,1,1.6768,1,1.7116,1,1.7339,1,1.7484,1,1.7576,1
0.735,1,0.95906,1,1.1982,1,1.412,1,1.5356,1,1.6185,1,1.6718,1,1.7062,1,1.7285,1,1.7428,1,1.752,1
0.737,1,0.95937,1,1.1967,1,1.4089,1,1.5316,1,1.6138,1,1.6667,1,1.7009,1,1.723,1,1.7372,1,1.7463,1
0.739,1,0.95968,1,1.1952,1,1.4058,1,1.5276,1,1.6092,1,1.6617,1,1.6956,1,1.7175,1,1.7316,1,1.7407,1
0.741,1,0.95999,1,1.1937,1,1.4027,1,1.5236,1,1.6045,1,1.6566,1,1.6903,1,1.712,1,1.726,1,1.735,1
0.743,1,0.96029,1,1.1922,1,1.3996,1,1.5195,1,1.5999,1,1.6516,1,1.685,1,1.7066,1,1.7204,1,1.7293,1
0.745,1,0.9606,1,1.1907,1,1.3965,1,1.5155,1,1.5952,1,1.6465,1,1.6797,1,1.7011,1,1.7148,1,1.7237,1
0.747,1,0.96091,1,1.1893,1,1.3934,1,1.5115,1,1.5906,1,1.6415,1,1.6744,1,1.6956,1,1.7093,1,1.718,1
0.749,1,0.96122,1,1.1878,1,1.3903,1,1.5075,1,1.5859,1,1.6364,1,1.6691,1,1.6901,1,1.7037,1,1.7124,1
0.751,1,0.96153,1,1.1863,1,1.3872,1,1.5034,1,1.5813,1,1.6314,1,1.6638,1,1.6846,1,1.6981,1,1.7067,1
0.753,1,0.96183,1,1.1848,1,1.3841,1,1.4994,1,1.5766,1,1.6263,1,1.6585,1,1.6792,1,1.6925,1,1.7011,1
0.755,1,0.96214,1,1.1833,1,1.381,1,1.4954,1,1.572,1,1.6212,1,1.6531,1,1.6737,1,1.6869,1,1.6954,1
0.757,1,0.96245,1,1.1818,1,1.378,1,1.4913,1,1.5673,1,1.6162,1,1.6478,1,1.6682,1,1.6813,1,1.6898,1
0.759,1,0.96276,1,1.1803,1,1.3749,1,1.4873,1,1.5627,1,1.6111,1,1.6425,1,1.6627,1,1.6758,1,1.6841,1
0.761,1,0.96306,1,1.1788,1,1.3718,1,1.4833,1,1.558,1,1.6061,1,1.6372,1,1.6573,1,1.6702,1,1.6785,1
0.763,1,0.96337,1,1.1773,1,1.3687,1,1.4793,1,1.5534,1,1.601,1,1.6319,1,1.6518,1,1.6646,1,1.6728,1
0.765,1,0.96368,1,1.1758,1,1.3656,1,1.4752,1,1.5487,1,1.596,1,1.6266,1,1.6463,1,1.659,1,1.6672,1
0.767,1,0.96399,1,1.1744,1,1.3625,1,1.4712,1,1.5441,1,1.5909,1,1.6213,1,1.6408,1,1.6534,1,1.6615,1
0.769,1,0.9643,1,1.1729,1,1.3594,1,1.4672,1,1.5394,1,1.5859,1,1.616,1,1.6354,1,1.6478,1,1.6558,1
0.771,1,0.9646,1,1.1714,1,1.3563,1,1.4632,1,1.5348,1,1.5808,1,1.6107,1,1.6299,1,1.6422,1,1.6502,1
0.773,1,0.96491,1,1.1699,1,1.3532,1,1.4591,1,1.5301,1,1.5758,1,1.6054,1,1.6244,1,1.6367,1,1.6445,1
0.775,1,0.96522,1,1.1684,1,1.3501,1,1.4551,1,1.5255,1,1.5707,1,1.6,1,1.6189,1,1.6311,1,1.6389,1
0.777,1,0.96553,1,1.1669,1,1.347,1,1.4511,1,1.5208,1,1.5657,1,1.5947,1,1.6134,1,1.6255,1,1.6332,1
0.779,1,0.96583,1,1.1654,1,1.3439,1,1.447,1,1.5162,1,1.5606,1,1.5894,1,1.608,1,1.6199,1,1.6276,1
0.781,1,0.96614,1,1.1639,1,1.3408,1,1.443,1,1.5115,1,1.5556,1,1.5841,1,1.6025,1,1.6143,1,1.6219,1
0.783,1,0.96645,1,1.1624,1,1.3377,1,1.439,1,1.5069,1,1.5505,1,1.5788,1,1.597,1,1.6087,1,1.6163,1
0.785,1,0.96676,1,1.1609,1,1.3346,1,1.435,1,1.5022,1,1.5455,1,1.5735,1,1.5915,1,1.6031,1,1.6106,1
0.787,1,0.96707,1,1.1595,1,1.3315,1,1.4309,1,1.4976,1,1.5404,1,1.5682,1,1.5861,1,1.5976,1,1.605,1
0.789,1,0.96737,1,1.158,1,1.3284,1,1.4269,1,1.4929,1,1.5354,1,1.5629,1,1.5806,1,1.592,1,1.5993,1
0.791,1,0.96768,1,1.1565,1,1.3253,1,1.4229,1,1.4883,1,1.5303,1,1.5576,1,1.5751,1,1.5864,1,1.5937,1
0.793,1,0.96799,1,1.155,1,1.3222,1,1.4188,1,1.4836,1,1.5253,1,1.5522,1,1.5696,1,1.5808,1,1.588,1
0.795,1,0.9683,1,1.1535,1,1.3191,1,1.4148,1,1.479,1,1.5202,1,1.5469,1,1.5641,1,1.5752,1,1.5823,1
0.797,1,0.9686,1,1.152,1,1.316,1,1.4108,1,1.4743,1,1.5152,1,1.5416,1,1.5587,1,1.5696,1,1.5767,1
0.799,1,0.96891,1,1.1505,1,1.3129,1,1.4068,1,1.4697,1,1.5101,1,1.5363,1,1.5532,1,1.5641,1,1.571,1
0.801,1,0.96922,1,1.149,1,1.3098,1,1.4027,1,1.465,1,1.5051,1,1.531,1,1.5477,1,1.5585,1,1.5654,1
0.803,1,0.96953,1,1.1475,1,1.3067,1,1.3987,1,1.4604,1,1.5,1,1.5257,1,1.5422,1,1.5529,1,1.5597,1
0.805,1,0.96984,1,1.146,1,1.3036,1,1.3947,1,1.4557,1,1.495,1,1.5204,1,1.5368,1,1.5473,1,1.5541,1
0.807,1,0.97014,1,1.1446,1,1.3005,1,1.3907,1,1.4511,1,1.4899,1,1.5151,1,1.5313,1,1.5417,1,1.5484,1
0.809,1,0.97045,1,1.1431,1,1.2974,1,1.3866,1,1.4464,1,1.4849,1,1.5098,1,1.5258,1,1.5361,1,1.5428,1
0.811,1,0.97076,1,1.1416,1,1.2943,1,1.3826,1,1.4418,1,1.4798,1,1.5045,1,1.5203,1,1.5305,1,1.5371,1
0.813,1,0.97107,1,1.1401,1,1.2912,1,1.3786,1,1.4371,1,1.4748,1,1.4991,1,1.5149,1,1.525,1,1.5315,1
0.815,1,0.97138,1,1.1386,1,1.2881,1,1.3745,1,1.4325,1,1.4697,1,1.4938,1,1.5094,1,1.5194,1,1.5258,1
0.817,1,0.97168,1,1.1371,1,1.285,1,1.3705,1,1.4278,1,1.4647,1,1.4885,1,1.5039,1,1.5138,1,1.5202,1
0.819,1,0.97199,1,1.1356,1,1.2819,1,1.3665,1,1.4232,1,1.4596,1,1.4832,1,1.4984,1,1.5082,1,1.5145,1
0.821,1,0.9723,1,1.1341,1,1.2788,1,1.3625,1,1.4185,1,1.4546,1,1.4779,1,1.4929,1,1.5026,1,1.5088,1
0.823,1,0.97261,1,1.1326,1,1.2757,1,1.3584,1,1.4139,1,1.4495,1,1.4726,1,1.4875,1,1.497,1,1.5032,1
0.825,1,0.97291,1,1.1311,1,1.2726,1,1.3544,1,1.4092,1,1.4445,1,1.4673,1,1.482,1,1.4915,1,1.4975,1
0.827,1,0.97322,1,1.1296,1,1.2695,1,1.3504,1,1.4046,1,1.4394,1,1.462,1,1.4765,1,1.4859,1,1.4919,1
0.829,1,0.97353,1,1.1282,1,1.2664,1,1.3464,1,1.3999,1,1.4344,1,1.4567,1,1.471,1,1.4803,1,1.4862,1
0.831,1,0.97384,1,1.1267,1,1.2633,1,1.3423,1,1.3953,1,1.4293,1,1.4514,1,1.4656,1,1.4747,1,1.4806,1
0.833,1,0.97415,1,1.1252,1,1.2602,1,1.3383,1,1.3906,1,1.4243,1,1.446,1,1.4601,1,1.4691,1,1.4749,1
0.835,1,0.97445,1,1.1237,1,1.2571,1,1.3343,1,1.386,1,1.4192,1,1.4407,1,1.4546,1,1.4635,1,1.4693,1
0.837,1,0.97476,1,1.1222,1,1.254,1,1.3302,1,1.3813,1,1.4142,1,1.4354,1,1.4491,1,1.4579,1,1.4636,1
0.839,1,0.97507,1,1.1207,1,1.2509,1,1.3262,1,1.3767,1,1.4091,1,1.4301,1,1.4437,1,1.4524,1,1.458,1
0.841,1,0.97538,1,1.1192,1,1.2478,1,1.3222,1,1.372,1,1.4041,1,1.4248,1,1.4382,1,1.4468,1,1.4523,1
0.843,1,0.97568,1,1.1177,1,1.2447,1,1.3182,1,1.3674,1,1.399,1,1.4195,1,1.4327,1,1.4412,1,1.4467,1
0.845,1,0.97599,1,1.1162,1,1.2416,1,1.3141,1,1.3627,1,1.394,1,1.4142,1,1.4272,1,1.4356,1,1.441,1
0.847,1,0.9763,1,1.1147,1,1.2385,1,1.3101,1,1.3581,1,1.3889,1,1.4089,1,1.4217,1,1.43,1,1.4353,1
0.849,1,0.97661,1,1.1133,1,1.2354,1,1.3061,1,1.3534,1,1.3839,1,1.4036,1,1.4163,1,1.4244,1,1.4297,1
0.851,1,0.97692,1,1.1118,1,1.2323,1,1.3021,1,1.3488,1,1.3788,1,1.3983,1,1.4108,1,1.4189,1,1.424,1
0.853,1,0.97722,1,1.1103,1,1.2292,1,1.298,1,1.3441,1,1.3738,1,1.3929,1,1.4053,1,1.4133,1,1.4184,1
0.855,1,0.97753,1,1.1088,1,1.2262,1,1.294,1,1.3395,1,1.3687,1,1.3876,1,1.3998,1,1.4077,1,1.4127,1
0.857,1,0.97784,1,1.1073,1,1.2231,1,1.29,1,1.3348,1,1.3637,1,1.3823,1,1.3944,1,1.4021,1,1.4071,1
0.859,1,0.97815,1,1.1058,1,1.22,1,1.2859,1,1.3302,1,1.3586,1,1.377,1,1.3889,1,1.3965,1,1.4014,1
0.861,1,0.97845,1,1.1043,1,1.2169,1,1.2819,1,1.3255,1,1.3536,1,1.3717,1,1.3834,1,1.3909,1,1.3958,1
0.863,1,0.97876,1,1.1028,1,1.2138,1,1.2779,1,1.3209,1,1.3485,1,1.3664,1,1.3779,1,1.3853,1,1.3901,1
0.865,1,0.97907,1,1.1013,1,1.2107,1,1.2739,1,1.3162,1,1.3435,1,1.3611,1,1.3724,1,1.3798,1,1.3845,1
0.867,1,0.97938,1,1.0998,1,1.2076,1,1.2698,1,1.3116,1,1.3384,1,1.3558,1,1.367,1,1.3742,1,1.3788,1
0.869,1,0.97969,1,1.0984,1,1.2045,1,1.2658,1,1.3069,1,1.3334,1,1.3505,1,1.3615,1,1.3686,1,1.3732,1
0.871,1,0.97999,1,1.0969,1,1.2014,1,1.2618,1,1.3023,1,1.3283,1,1.3452,1,1.356,1,1.363,1,1.3675,1
0.873,1,0.9803,1,1.0954,1,1.1983,1,1.2578,1,1.2976,1,1.3233,1,1.3398,1,1.3505,1,1.3574,1,1.3618,1
0.875,1,0.98061,1,1.0939,1,1.1952,1,1.2537,1,1.293,1,1.3182,1,1.3345,1,1.3451,1,1.3518,1,1.3562,1
0.877,1,0.98092,1,1.0924,1,1.1921,1,1.2497,1,1.2883,1,1.3132,1,1.3292,1,1.3396,1,1.3463,1,1.3505,1
0.879,1,0.98122,1,1.0909,1,1.189,1,1.2457,1,1.2837,1,1.3081,1,1.3239,1,1.3341,1,1.3407,1,1.3449,1
0.881,1,0.98153,1,1.0894,1,1.1859,1,1.2416,1,1.279,1,1.303,1,1.3186,1,1.3286,1,1.3351,1,1.3392,1
0.883,1,0.98184,1,1.0879,1,1.1828,1,1.2376,1,1.2744,1,1.298,1,1.3133,1,1.3232,1,1.3295,1,1.3336,1
0.885,1,0.98215,1,1.0864,1,1.1797,1,1.2336,1,1.2697,1,1.2929,1,1.308,1,1.3177,1,1.3239,1,1.3279,1
0.887,1,0.98246,1,1.0849,1,1.1766,1,1.2296,1,1.2651,1,1.2879,1,1.3027,1,1.3122,1,1.3183,1,1.3223,1
0.889,1,0.98276,1,1.0835,1,1.1735,1,1.2255,1,1.2604,1,1.2828,1,1.2974,1,1.3067,1,1.3127,1,1.3166,1
0.891,1,0.98307,1,1.082,1,1.1704,1,1.2215,1,1.2558,1,1.2778,1,1.2921,1,1.3012,1,1.3072,1,1.311,1
0.893,1,0.98338,1,1.0805,1,1.1673,1,1.2175,1,1.2511,1,1.2727,1,1.2867,1,1.2958,1,1.3016,1,1.3053,1
0.895,1,0.98369,1,1.079,1,1.1642,1,1.2135,1,1.2465,1,1.2677,1,1.2814,1,1.2903,1,1.296,1,1.2997,1
0.897,1,0.98399,1,1.0775,1,1.1611,1,1.2094,1,1.2418,1,1.2626,1,1.2761,1,1.2848,1,1.2904,1,1.294,1
0.899,1,0.9843,1,1.076,1,1.158,1,1.2054,1,1.2372,1,1.2576,1,1.2708,1,1.2793,1,1.2848,1,1.2883,1
0.901,1,0.98461,1,1.0745,1,1.1549,1,1.2014,1,1.2325,1,1.2525,1,1.2655,1,1.2739,1,1.2792,1,1.2827,1
0.903,1,0.98492,1,1.073,1,1.1518,1,1.1973,1,1.2279,1,1.2475,1,1.2602,1,1.2684,1,1.2737,1,1.277,1
0.905,1,0.98523,1,1.0715,1,1.1487,1,1.1933,1,1.2232,1,1.2424,1,1.2549,1,1.2629,1,1.2681,1,1.2714,1
0.907,1,0.98553,1,1.07,1,1.1456,1,1.1893,1,1.2186,1,1.2374,1,1.2496,1,1.2574,1,1.2625,1,1.2657,1
0.909,1,0.98584,1,1.0685,1,1.1425,1,1.1853,1,1.2139,1,1.2323,1,1.2443,1,1.2519,1,1.2569,1,1.2601,1
0.911,1,0.98615,1,1.0671,1,1.1394,1,1.1812,1,1.2093,1,1.2273,1,1.239,1,1.2465,1,1.2513,1,1.2544,1
0.913,1,0.98646,1,1.0656,1,1.1363,1,1.1772,1,1.2046,1,1.2222,1,1.2336,1,1.241,1,1.2457,1,1.2488,1
0.915,1,0.98676,1,1.0641,1,1.1332,1,1.1732,1,1.2,1,1.2172,1,1.2283,1,1.2355,1,1.2401,1,1.2431,1
0.917,1,0.98707,1,1.0626,1,1.1301,1,1.1692,1,1.1953,1,1.2121,1,1.223,1,1.23,1,1.2346,1,1.2375,1
0.919,1,0.98738,1,1.0611,1,1.127,1,1.1651,1,1.1907,1,1.2071,1,1.2177,1,1.2246,1,1.229,1,1.2318,1
0.921,1,0.98769,1,1.0596,1,1.1239,1,1.1611,1,1.186,1,1.202,1,1.2124,1,1.2191,1,1.2234,1,1.2262,1
0.923,1,0.988,1,1.0581,1,1.1208,1,1.1571,1,1.1814,1,1.197,1,1.2071,1,1.2136,1,1.2178,1,1.2205,1
0.925,1,0.9883,1,1.0566,1,1.1177,1,1.153,1,1.1767,1,1.1919,1,1.2018,1,1.2081,1,1.2122,1,1.2148,1
0.927,1,0.98861,1,1.0551,1,1.1146,1,1.149,1,1.1721,1,1.1869,1,1.1965,1,1.2027,1,1.2066,1,1.2092,1
0.929,1,0.98892,1,1.0536,1,1.1115,1,1.145,1,1.1674,1,1.1818,1,1.1912,1,1.1972,1,1.201,1,1.2035,1
0.931,1,0.98923,1,1.0522,1,1.1084,1,1.141,1,1.1628,1,1.1768,1,1.1859,1,1.1917,1,1.1955,1,1.1979,1
0.933,1,0.98953,1,1.0507,1,1.1053,1,1.1369,1,1.1581,1,1.1717,1,1.1805,1,1.1862,1,1.1899,1,1.1922,1
0.935,1,0.98984,1,1.0492,1,1.1022,1,1.1329,1,1.1535,1,1.1667,1,1.1752,1,1.1807,1,1.1843,1,1.1866,1
0.937,1,0.99015,1,1.0477,1,1.0991,1,1.1289,1,1.1488,1,1.1616,1,1.1699,1,1.1753,1,1.1787,1,1.1809,1
0.939,1,0.99046,1,1.0462,1,1.096,1,1.1248,1,1.1442,1,1.1566,1,1.1646,1,1.1698,1,1.1731,1,1.1753,1
0.941,1,0.99077,1,1.0447,1,1.0929,1,1.1208,1,1.1395,1,1.1515,1,1.1593,1,1.1643,1,1.1675,1,1.1696,1
0.943,1,0.99107,1,1.0432,1,1.0898,1,1.1168,1,1.1349,1,1.1465,1,1.154,1,1.1588,1,1.162,1,1.164,1
0.945,1,0.99138,1,1.0417,1,1.0867,1,1.1128,1,1.1302,1,1.1414,1,1.1487,1,1.1534,1,1.1564,1,1.1583,1
0.947,1,0.99169,1,1.0402,1,1.0836,1,1.1087,1,1.1256,1,1.1364,1,1.1434,1,1.1479,1,1.1508,1,1.1527,1
0.949,1,0.992,1,1.0387,1,1.0805,1,1.1047,1,1.1209,1,1.1313,1,1.1381,1,1.1424,1,1.1452,1,1.147,1
0.951,1,0.99231,1,1.0373,1,1.0774,1,1.1007,1,1.1163,1,1.1263,1,1.1328,1,1.1369,1,1.1396,1,1.1413,1
0.953,1,0.99261,1,1.0358,1,1.0744,1,1.0967,1,1.1116,1,1.1212,1,1.1274,1,1.1315,1,1.134,1,1.1357,1
0.955,1,0.99292,1,1.0343,1,1.0713,1,1.0926,1,1.107,1,1.1162,1,1.1221,1,1.126,1,1.1284,1,1.13,1
0.957,1,0.99323,1,1.0328,1,1.0682,1,1.0886,1,1.1023,1,1.1111,1,1.1168,1,1.1205,1,1.1229,1,1.1244,1
0.959,1,0.99354,1,1.0313,1,1.0651,1,1.0846,1,1.0977,1,1.1061,1,1.1115,1,1.115,1,1.1173,1,1.1187,1
0.961,1,0.99384,1,1.0298,1,1.062,1,1.0805,1,1.093,1,1.101,1,1.1062,1,1.1095,1,1.1117,1,1.1131,1
0.963,1,0.99415,1,1.0283,1,1.0589,1,1.0765,1,1.0884,1,1.096,1,1.1009,1,1.1041,1,1.1061,1,1.1074,1
0.965,1,0.99446,1,1.0268,1,1.0558,1,1.0725,1,1.0837,1,1.0909,1,1.0956,1,1.0986,1,1.1005,1,1.1018,1
0.967,1,0.99477,1,1.0253,1,1.0527,1,1.0685,1,1.0791,1,1.0859,1,1.0903,1,1.0931,1,1.0949,1,1.0961,1
0.969,1,0.99508,1,1.0238,1,1.0496,1,1.0644,1,1.0744,1,1.0808,1,1.085,1,1.0876,1,1.0894,1,1.0905,1
0.971,1,0.99538,1,1.0224,1,1.0465,1,1.0604,1,1.0698,1,1.0758,1,1.0797,1,1.0822,1,1.0838,1,1.0848,1
0.973,1,0.99569,1,1.0209,1,1.0434,1,1.0564,1,1.0651,1,1.0707,1,1.0743,1,1.0767,1,1.0782,1,1.0792,1
0.975,1,0.996,1,1.0194,1,1.0403,1,1.0524,1,1.0605,1,1.0657,1,1.069,1,1.0712,1,1.0726,1,1.0735,1
0.977,1,0.99631,1,1.0179,1,1.0372,1,1.0483,1,1.0558,1,1.0606,1,1.0637,1,1.0657,1,1.067,1,1.0678,1
0.979,1,0.99661,1,1.0164,1,1.0341,1,1.0443,1,1.0512,1,1.0556,1,1.0584,1,1.0602,1,1.0614,1,1.0622,1
0.981,1,0.99692,1,1.0149,1,1.031,1,1.0403,1,1.0465,1,1.0505,1,1.0531,1,1.0548,1,1.0558,1,1.0565,1
0.983,1,0.99723,1,1.0134,1,1.0279,1,1.0362,1,1.0419,1,1.0455,1,1.0478,1,1.0493,1,1.0503,1,1.0509,1
0.985,1,0.99754,1,1.0119,1,1.0248,1,1.0322,1,1.0372,1,1.0404,1,1.0425,1,1.0438,1,1.0447,1,1.0452,1
0.987,1,0.99785,1,1.0104,1,1.0217,1,1.0282,1,1.0326,1,1.0354,1,1.0372,1,1.0383,1,1.0391,1,1.0396,1
0.989,1,0.99815,1,1.0089,1,1.0186,1,1.0242,1,1.0279,1,1.0303,1,1.0319,1,1.0329,1,1.0335,1,1.0339,1
0.991,1,0.99846,1,1.0075,1,1.0155,1,1.0201,1,1.0233,1,1.0253,1,1.0266,1,1.0274,1,1.0279,1,1.0283,1
0.993,1,0.99877,1,1.006,1,1.0124,1,1.0161,1,1.0186,1,1.0202,1,1.0212,1,1.0219,1,1.0223,1,1.0226,1
0.995,1,0.99908,1,1.0045,1,1.0093,1,1.0121,1,1.014,1,1.0152,1,1.0159,1,1.0164,1,1.0168,1,1.017,1
0.997,1,0.99938,1,1.003,1,1.0062,1,1.0081,1,1.0093,1,1.0101,1,1.0106,1,1.011,1,1.0112,1,1.0113,1
0.999,1,0.99969,1,1.0015,1,1.0031,1,1.004,1,1.0047,1,1.0051,1,1.0053,1,1.0055,1,1.0056,1,1.0057,1
