0,0.35404,0.42669,0.36669,0.38601,0.39623,0.36903,0.40307,0.37962,0.38314,0.3943
0.0062578,0.35461,0.42429,0.3679,0.38441,0.39622,0.36981,0.39985,0.38075,0.38266,0.3923
0.012516,0.35509,0.42202,0.36893,0.38268,0.3961,0.37032,0.39652,0.3816,0.38176,0.39036
0.018773,0.35549,0.41993,0.36977,0.38089,0.39586,0.37056,0.39325,0.38216,0.38049,0.38852
0.025031,0.35583,0.41802,0.37042,0.37911,0.39549,0.37054,0.39017,0.38241,0.37891,0.38684
0.031289,0.35607,0.4163,0.37087,0.37739,0.395,0.37027,0.38738,0.38238,0.37708,0.3853
0.037547,0.35628,0.41474,0.37112,0.37578,0.39439,0.36977,0.38492,0.38206,0.37509,0.38391
0.043805,0.35645,0.41334,0.37117,0.3743,0.39367,0.36907,0.38282,0.38149,0.37302,0.38266
0.050063,0.35656,0.41209,0.37104,0.37299,0.39285,0.36818,0.38107,0.38069,0.37095,0.38153
0.05632,0.35666,0.41095,0.37073,0.37185,0.39193,0.36715,0.37964,0.37968,0.36896,0.38051
0.062578,0.35672,0.40993,0.37025,0.37088,0.39092,0.36601,0.3785,0.3785,0.36711,0.37961
0.068836,0.35676,0.40901,0.36963,0.37008,0.38984,0.3648,0.37761,0.37719,0.36545,0.37877
0.075094,0.35679,0.40816,0.36886,0.36943,0.3887,0.36355,0.37692,0.37577,0.36403,0.37799
0.081352,0.35679,0.40738,0.36798,0.36891,0.3875,0.36229,0.3764,0.37429,0.36284,0.37725
0.08761,0.35679,0.40665,0.367,0.36852,0.38624,0.36106,0.37601,0.37277,0.3619,0.37657
0.093867,0.35677,0.40595,0.36595,0.36821,0.38497,0.35988,0.37569,0.37127,0.36119,0.37594
0.10013,0.35675,0.40526,0.36487,0.36797,0.38369,0.35879,0.37541,0.36983,0.36068,0.37538
0.10638,0.35672,0.40456,0.36377,0.36775,0.38241,0.35779,0.37513,0.3685,0.36035,0.37489
0.11264,0.35669,0.40382,0.36271,0.36752,0.38116,0.3569,0.37481,0.36731,0.36017,0.37448
0.1189,0.35665,0.40303,0.3617,0.36724,0.37995,0.35613,0.37442,0.3663,0.3601,0.37417
0.12516,0.35661,0.40215,0.36079,0.36689,0.37879,0.35546,0.37393,0.36547,0.36012,0.37397
0.13141,0.35656,0.40118,0.35998,0.36642,0.37766,0.35489,0.37335,0.36484,0.36022,0.3739
0.13767,0.35651,0.4001,0.35928,0.36584,0.37658,0.35443,0.37267,0.36437,0.36038,0.37396
0.14393,0.35645,0.39892,0.35869,0.36515,0.37556,0.35403,0.37193,0.36408,0.36058,0.37413
0.15019,0.35638,0.39765,0.35816,0.36437,0.37459,0.35367,0.37119,0.36394,0.36083,0.37447
0.15645,0.35629,0.39632,0.35766,0.36354,0.37365,0.35336,0.3705,0.36391,0.36115,0.37495
0.1627,0.35619,0.39498,0.35715,0.36272,0.37273,0.35308,0.36993,0.36398,0.36155,0.37558
0.16896,0.35608,0.39364,0.35664,0.36195,0.37186,0.35284,0.36949,0.36415,0.36205,0.37636
0.17522,0.35596,0.39232,0.35611,0.36124,0.37101,0.35263,0.36917,0.3644,0.36268,0.37731
0.18148,0.35582,0.39102,0.35558,0.36056,0.37021,0.35248,0.36897,0.36473,0.36345,0.37847
0.18773,0.35567,0.38975,0.35503,0.35991,0.36945,0.35235,0.36886,0.36515,0.36437,0.37979
0.19399,0.35549,0.3885,0.35448,0.35926,0.36871,0.35229,0.36883,0.36568,0.36545,0.38119
0.20025,0.3553,0.38727,0.35393,0.35861,0.36802,0.35229,0.36889,0.36632,0.36668,0.38273
0.20651,0.35508,0.38606,0.35338,0.35799,0.36739,0.35235,0.36904,0.36708,0.36804,0.3844
0.21277,0.35487,0.38486,0.35283,0.35742,0.36681,0.35246,0.3693,0.36795,0.36953,0.38615
0.21902,0.35463,0.38368,0.35229,0.35689,0.36628,0.35267,0.36968,0.36898,0.37113,0.38799
0.22528,0.35438,0.3825,0.35176,0.35641,0.36582,0.35294,0.37018,0.37013,0.37284,0.38988
0.23154,0.35412,0.38133,0.35125,0.35593,0.36541,0.35329,0.3708,0.37142,0.37463,0.39179
0.2378,0.35384,0.38018,0.35074,0.35546,0.36507,0.35371,0.37153,0.37277,0.3765,0.39368
0.24406,0.35356,0.37903,0.35025,0.35502,0.36479,0.35422,0.37237,0.37423,0.37843,0.39552
0.25031,0.35326,0.3779,0.34978,0.35464,0.36458,0.35481,0.3733,0.3758,0.3804,0.39725
0.25657,0.35296,0.37678,0.34933,0.35432,0.36445,0.35552,0.37435,0.37745,0.38238,0.39885
0.26283,0.35265,0.37568,0.3489,0.35402,0.36439,0.35632,0.37549,0.37916,0.38434,0.40026
0.26909,0.35233,0.37459,0.3485,0.35375,0.3644,0.35723,0.37674,0.38093,0.38625,0.40144
0.27534,0.35201,0.37352,0.34812,0.35353,0.36449,0.35821,0.37804,0.38274,0.38806,0.40234
0.2816,0.35169,0.37247,0.34776,0.35337,0.36466,0.35926,0.37946,0.38456,0.38975,0.40291
0.28786,0.35135,0.37143,0.34743,0.35325,0.36491,0.36038,0.38094,0.38638,0.39128,0.40313
0.29412,0.35102,0.37041,0.34712,0.35319,0.36523,0.3616,0.38249,0.38817,0.3926,0.40296
0.30038,0.35068,0.36942,0.34684,0.35318,0.36563,0.3629,0.38409,0.3899,0.39369,0.4024
0.30663,0.35033,0.36845,0.34657,0.35322,0.36612,0.36426,0.38572,0.39155,0.3945,0.40146
0.31289,0.34998,0.36749,0.34634,0.35331,0.36667,0.3657,0.38737,0.39309,0.39502,0.40018
0.31915,0.34963,0.36657,0.34614,0.35346,0.36731,0.3672,0.38904,0.39448,0.39521,0.3986
0.32541,0.34928,0.36568,0.34595,0.35366,0.36803,0.36876,0.39069,0.3957,0.39507,0.39679
0.33166,0.34892,0.3648,0.34581,0.35391,0.36882,0.37037,0.39232,0.39672,0.39462,0.39484
0.33792,0.34856,0.36394,0.34569,0.35423,0.36968,0.37204,0.39389,0.39751,0.39388,0.39284
0.34418,0.3482,0.36311,0.34561,0.3546,0.37062,0.37374,0.39539,0.39806,0.39286,0.39087
0.35044,0.34784,0.3623,0.34556,0.35503,0.37162,0.37547,0.39681,0.39835,0.39164,0.38898
0.3567,0.34748,0.36151,0.34554,0.35552,0.3727,0.37722,0.3981,0.39838,0.39025,0.38723
0.36295,0.34712,0.36075,0.34556,0.35606,0.37384,0.37897,0.39927,0.39814,0.38878,0.38563
0.36921,0.34676,0.36002,0.34561,0.35667,0.37507,0.38072,0.40027,0.39766,0.38728,0.3842
0.37547,0.3464,0.35931,0.3457,0.35733,0.37634,0.38245,0.40109,0.39695,0.38579,0.38292
0.38173,0.34604,0.35864,0.34583,0.35805,0.37766,0.38414,0.40173,0.39604,0.38437,0.38178
0.38798,0.34568,0.358,0.346,0.35883,0.37904,0.38579,0.40216,0.39498,0.38303,0.38076
0.39424,0.34532,0.35738,0.3462,0.35967,0.38045,0.38738,0.40238,0.39381,0.3818,0.37985
0.4005,0.34497,0.35679,0.34644,0.36059,0.3819,0.38888,0.40239,0.39257,0.38066,0.37902
0.40676,0.34462,0.35622,0.34673,0.36155,0.38338,0.3903,0.4022,0.39131,0.37962,0.37824
0.41302,0.34427,0.35568,0.34705,0.36257,0.38489,0.3916,0.40181,0.39006,0.37867,0.37753
0.41927,0.34392,0.35517,0.34742,0.36365,0.3864,0.39278,0.4012,0.38884,0.37779,0.37687
0.42553,0.34358,0.35468,0.34782,0.36476,0.38792,0.39382,0.40047,0.38767,0.37696,0.37626
0.43179,0.34324,0.35423,0.34826,0.36592,0.38944,0.39472,0.39963,0.38656,0.37617,0.37571
0.43805,0.34291,0.3538,0.34874,0.36715,0.39094,0.39546,0.39872,0.38551,0.37542,0.37522
0.44431,0.34258,0.3534,0.34927,0.3684,0.39242,0.39604,0.39775,0.38452,0.37469,0.37481
0.45056,0.34226,0.35304,0.34983,0.3697,0.39387,0.39646,0.39675,0.38357,0.37399,0.37447
0.45682,0.34193,0.3527,0.35044,0.37105,0.39527,0.39673,0.39572,0.38266,0.3733,0.37422
0.46308,0.34162,0.35239,0.35109,0.37243,0.39662,0.39683,0.39469,0.38178,0.37265,0.37409
0.46934,0.34131,0.35212,0.35177,0.37384,0.39791,0.3968,0.39366,0.38091,0.37204,0.37407
0.47559,0.34101,0.35187,0.3525,0.37529,0.39912,0.39663,0.39266,0.38006,0.37149,0.3742
0.48185,0.34071,0.35166,0.35327,0.37676,0.40025,0.39636,0.39168,0.37921,0.37099,0.37446
0.48811,0.34041,0.35147,0.35408,0.37825,0.40125,0.39597,0.3907,0.37836,0.37055,0.37488
0.49437,0.34013,0.35132,0.35493,0.37975,0.40216,0.39551,0.38974,0.37752,0.37019,0.37545
0.50063,0.33985,0.35119,0.35584,0.38127,0.40296,0.39496,0.38878,0.37669,0.36991,0.37618
0.50688,0.33958,0.3511,0.35678,0.3828,0.40364,0.39437,0.38783,0.37587,0.36973,0.37708
0.51314,0.33932,0.35104,0.35776,0.38433,0.40422,0.39373,0.38686,0.37508,0.36967,0.37813
0.5194,0.33906,0.35101,0.35878,0.38586,0.4047,0.39307,0.3859,0.37433,0.36971,0.37944
0.52566,0.33882,0.35101,0.35983,0.38737,0.40506,0.39238,0.38493,0.37361,0.36989,0.38079
0.53191,0.33858,0.35104,0.36091,0.38886,0.40531,0.39169,0.38396,0.37294,0.37019,0.3823
0.53817,0.33835,0.35111,0.36204,0.39034,0.40545,0.39098,0.38298,0.37233,0.37064,0.38394
0.54443,0.33813,0.3512,0.36321,0.39179,0.40549,0.39027,0.382,0.37181,0.37122,0.38568
0.55069,0.33792,0.35133,0.36439,0.39319,0.40542,0.38955,0.38101,0.37137,0.37193,0.3875
0.55695,0.33771,0.35148,0.36562,0.39456,0.40526,0.38882,0.38004,0.371,0.37279,0.38938
0.5632,0.33752,0.35167,0.36687,0.39587,0.40502,0.38808,0.37908,0.37075,0.37384,0.39128
0.56946,0.33733,0.35189,0.36816,0.39714,0.4047,0.38731,0.37815,0.37057,0.375,0.39318
0.57572,0.33715,0.35214,0.36946,0.39834,0.40432,0.38652,0.37723,0.37049,0.37632,0.39504
0.58198,0.33698,0.35242,0.3708,0.39949,0.40388,0.3857,0.37634,0.37051,0.3777,0.39682
0.58824,0.33682,0.35273,0.37216,0.40056,0.40339,0.38486,0.3755,0.37064,0.37922,0.39847
0.59449,0.33667,0.35307,0.37354,0.40155,0.40285,0.38398,0.3747,0.37089,0.38086,0.39995
0.60075,0.33653,0.35345,0.37494,0.40247,0.40228,0.38308,0.37395,0.37126,0.38256,0.4012
0.60701,0.3364,0.35385,0.37635,0.4033,0.40168,0.38216,0.37326,0.37175,0.38435,0.40217
0.61327,0.33627,0.35429,0.37778,0.40405,0.40106,0.38122,0.37262,0.37237,0.38618,0.40283
0.61952,0.33616,0.35475,0.37923,0.40471,0.4004,0.38027,0.37205,0.37312,0.38803,0.40314
0.62578,0.33606,0.35525,0.38068,0.40529,0.39972,0.37932,0.37156,0.374,0.38989,0.40307
0.63204,0.33597,0.35579,0.38214,0.40579,0.39901,0.37836,0.37115,0.37507,0.3917,0.40261
0.6383,0.33589,0.35635,0.3836,0.40617,0.39828,0.3774,0.37082,0.37621,0.39346,0.40177
0.64456,0.33582,0.35695,0.38507,0.40648,0.39751,0.37646,0.37058,0.37744,0.39511,0.40055
0.65081,0.33576,0.35757,0.38653,0.40672,0.3967,0.37553,0.37044,0.3788,0.39663,0.39903
0.65707,0.33572,0.35825,0.38798,0.40686,0.39586,0.37461,0.37039,0.38026,0.39798,0.39725
0.66333,0.33569,0.35894,0.38942,0.40696,0.39499,0.37373,0.37045,0.3818,0.39912,0.39531
0.66959,0.33567,0.35964,0.39085,0.407,0.39408,0.37287,0.37061,0.38341,0.40001,0.3933
0.67584,0.33567,0.36037,0.39226,0.40698,0.39314,0.37206,0.37088,0.38509,0.40061,0.39131
0.6821,0.33568,0.36114,0.39365,0.40689,0.39217,0.37128,0.37126,0.38681,0.40091,0.38939
0.68836,0.33569,0.36193,0.39502,0.40676,0.39117,0.37055,0.37175,0.38855,0.40089,0.38761
0.69462,0.33572,0.36275,0.39635,0.40656,0.39015,0.36986,0.37234,0.3903,0.40053,0.38599
0.70088,0.33576,0.36359,0.39766,0.40632,0.3891,0.36922,0.37305,0.39202,0.39987,0.38454
0.70713,0.33581,0.36446,0.39894,0.40603,0.38804,0.36863,0.37386,0.39369,0.3989,0.38325
0.71339,0.33586,0.36534,0.40017,0.40569,0.38696,0.3681,0.37484,0.3953,0.39768,0.38211
0.71965,0.33594,0.36626,0.40136,0.4053,0.38587,0.36767,0.37591,0.3968,0.39626,0.38108
0.72591,0.33602,0.3672,0.40251,0.40487,0.38477,0.36731,0.37705,0.39818,0.39471,0.38016
0.73217,0.33612,0.36816,0.4036,0.4044,0.38367,0.36701,0.37828,0.39939,0.39308,0.3793
0.73842,0.33623,0.36915,0.40465,0.40388,0.38258,0.36678,0.37961,0.4004,0.39145,0.37851
0.74468,0.33637,0.37017,0.40563,0.40333,0.38148,0.36663,0.38103,0.4012,0.38986,0.37777
0.75094,0.33652,0.37121,0.40658,0.40273,0.3804,0.36656,0.3825,0.40176,0.38834,0.37707
0.7572,0.33667,0.37226,0.40747,0.4021,0.37933,0.36657,0.38404,0.40206,0.38694,0.37644
0.76345,0.33683,0.37334,0.40828,0.40143,0.37827,0.36666,0.38563,0.4021,0.38565,0.37586
0.76971,0.33702,0.37444,0.40905,0.40072,0.37724,0.36685,0.38725,0.40188,0.38446,0.37534
0.77597,0.33722,0.37556,0.40977,0.39997,0.37622,0.36712,0.38889,0.40139,0.38338,0.37488
0.78223,0.33741,0.37669,0.41042,0.39919,0.37523,0.36749,0.39053,0.40067,0.38237,0.37452
0.78849,0.33764,0.37784,0.41101,0.39837,0.37428,0.36796,0.39216,0.39975,0.38142,0.37424
0.79474,0.33787,0.37901,0.41153,0.39751,0.37336,0.36852,0.39375,0.39866,0.38053,0.37408
0.801,0.33811,0.3802,0.412,0.39662,0.37247,0.36917,0.3953,0.39745,0.37967,0.37403
0.80726,0.33837,0.38139,0.41241,0.3957,0.37165,0.36992,0.39676,0.39615,0.37883,0.37411
0.81352,0.33869,0.3826,0.41277,0.39475,0.37087,0.37078,0.39813,0.39482,0.37801,0.37434
0.81977,0.33901,0.38382,0.41307,0.39377,0.37013,0.37179,0.39937,0.3935,0.37721,0.37472
0.82603,0.33933,0.38505,0.41332,0.39276,0.36944,0.37281,0.40048,0.3922,0.37644,0.37525
0.83229,0.33965,0.38628,0.41352,0.39173,0.3688,0.37393,0.40142,0.39096,0.37572,0.37595
0.83855,0.33997,0.38753,0.41366,0.39067,0.36822,0.37512,0.40217,0.38976,0.37505,0.3768
0.84481,0.34029,0.38878,0.41375,0.3896,0.36771,0.37641,0.40274,0.38862,0.37443,0.37787
0.85106,0.34061,0.39004,0.41379,0.3885,0.36726,0.37774,0.4031,0.38752,0.37387,0.37908
0.85732,0.34095,0.3913,0.41377,0.3874,0.36689,0.37915,0.40324,0.38648,0.37339,0.3804
0.86358,0.34131,0.39256,0.41371,0.38629,0.36659,0.38062,0.40318,0.38548,0.37298,0.38188
0.86984,0.34169,0.39382,0.4136,0.38517,0.36634,0.38212,0.40292,0.38451,0.37266,0.38349
0.8761,0.34208,0.39508,0.41341,0.38405,0.36615,0.38366,0.40248,0.38357,0.37245,0.3852
0.88235,0.34248,0.39633,0.41319,0.38292,0.36604,0.38524,0.40186,0.38264,0.37236,0.387
0.88861,0.3429,0.39758,0.4129,0.3818,0.366,0.38683,0.40111,0.38171,0.37239,0.38887
0.89487,0.34335,0.39883,0.41259,0.38068,0.36604,0.38843,0.40023,0.38079,0.37254,0.39077
0.90113,0.34379,0.40006,0.41221,0.37958,0.36615,0.39001,0.39927,0.37988,0.37283,0.39267
0.90738,0.34425,0.40129,0.41182,0.37848,0.36634,0.39158,0.39826,0.37899,0.37326,0.39454
0.91364,0.34473,0.4025,0.41138,0.3774,0.36662,0.3931,0.3972,0.37811,0.37389,0.39635
0.9199,0.34521,0.4037,0.41089,0.37633,0.36697,0.39457,0.39615,0.37726,0.37464,0.39803
0.92616,0.3457,0.40488,0.41036,0.37528,0.3674,0.39597,0.39511,0.37643,0.37554,0.39956
0.93242,0.34621,0.40605,0.4098,0.37426,0.36791,0.39728,0.39407,0.37566,0.3766,0.40087
0.93867,0.34673,0.4072,0.4092,0.37326,0.36851,0.3985,0.39305,0.37495,0.37774,0.40193
0.94493,0.34726,0.40833,0.40854,0.37228,0.36918,0.39961,0.39205,0.37429,0.379,0.40267
0.95119,0.34781,0.40944,0.40786,0.37134,0.36996,0.40059,0.39107,0.37372,0.38038,0.40308
0.95745,0.34837,0.41053,0.40713,0.37042,0.37081,0.40143,0.39011,0.3732,0.38188,0.40311
0.9637,0.34896,0.41158,0.40637,0.36954,0.37173,0.40212,0.38916,0.37275,0.38347,0.40276
0.96996,0.34955,0.41261,0.40559,0.3687,0.37271,0.40266,0.38821,0.37239,0.38518,0.40202
0.97622,0.35014,0.41361,0.40478,0.36789,0.37376,0.40303,0.38725,0.37214,0.38694,0.4009
0.98248,0.35074,0.41459,0.40392,0.36712,0.37488,0.40324,0.38629,0.37198,0.38875,0.39945
0.98874,0.35137,0.41553,0.40303,0.36639,0.37607,0.4033,0.38531,0.37193,0.39057,0.39774
0.99499,0.352,0.41643,0.40212,0.36571,0.37731,0.4032,0.38433,0.37199,0.39239,0.39584
1.0013,0.35265,0.4173,0.40119,0.36507,0.3786,0.40297,0.38335,0.37216,0.39416,0.39384
1.0075,0.35332,0.41814,0.40022,0.36448,0.37995,0.40261,0.38235,0.37246,0.39586,0.39183
1.0138,0.35399,0.41895,0.39923,0.36394,0.38133,0.40215,0.38136,0.37288,0.39745,0.38989
1.02,0.35467,0.41971,0.39822,0.36345,0.38276,0.40157,0.38038,0.3735,0.3989,0.38807
1.0263,0.35537,0.42043,0.39719,0.36301,0.38421,0.40092,0.37941,0.37422,0.40015,0.3864
1.0325,0.35608,0.42113,0.39614,0.36263,0.38569,0.40021,0.37847,0.37505,0.40117,0.3849
1.0388,0.3568,0.42179,0.39507,0.3623,0.38719,0.39948,0.37754,0.37605,0.40193,0.38357
1.0451,0.35754,0.42241,0.39399,0.36202,0.38869,0.3987,0.37665,0.3771,0.40241,0.38239
1.0513,0.35829,0.42297,0.39289,0.36181,0.39019,0.39792,0.37579,0.37827,0.40257,0.38134
1.0576,0.35904,0.4235,0.39178,0.36166,0.39168,0.39711,0.37498,0.37954,0.40241,0.38039
1.0638,0.35981,0.42399,0.39067,0.36156,0.39314,0.39629,0.37423,0.38092,0.40192,0.37952
1.0701,0.36059,0.42444,0.38954,0.36153,0.39458,0.39546,0.37354,0.38239,0.40112,0.37871
1.0763,0.36138,0.42486,0.38841,0.36156,0.39597,0.39462,0.37291,0.38395,0.40004,0.37795
1.0826,0.36219,0.42524,0.38727,0.36165,0.39731,0.39377,0.37235,0.38557,0.39872,0.37725
1.0889,0.36301,0.42558,0.38613,0.3618,0.39859,0.39291,0.3719,0.38725,0.39723,0.37659
1.0951,0.36384,0.42587,0.38499,0.36201,0.39979,0.39202,0.37153,0.38897,0.39562,0.37599
1.1014,0.36467,0.42613,0.38385,0.36229,0.40089,0.39111,0.37124,0.3907,0.39397,0.37546
1.1076,0.36552,0.42635,0.38271,0.36263,0.40192,0.39018,0.37102,0.39242,0.39231,0.375
1.1139,0.36639,0.42652,0.38158,0.36304,0.40285,0.38923,0.3709,0.3941,0.39071,0.3746
1.1202,0.36726,0.42665,0.38045,0.3635,0.40367,0.38827,0.37087,0.39572,0.38919,0.3743
1.1264,0.36814,0.42675,0.37933,0.36403,0.40438,0.38728,0.37093,0.39725,0.38777,0.37411
1.1327,0.36902,0.4268,0.37822,0.36462,0.40498,0.38627,0.3711,0.39865,0.38646,0.37403
1.1389,0.36993,0.42681,0.37713,0.36528,0.40546,0.38525,0.37138,0.39991,0.38526,0.37408
1.1452,0.37084,0.42678,0.37604,0.36599,0.40583,0.38422,0.37177,0.40098,0.38416,0.37427
1.1514,0.37176,0.42672,0.37498,0.36677,0.40607,0.38318,0.37227,0.40184,0.38314,0.37461
1.1577,0.37269,0.42661,0.37394,0.3676,0.40619,0.38214,0.37288,0.40247,0.38218,0.3751
1.164,0.37362,0.42647,0.3729,0.36849,0.40618,0.38111,0.3736,0.40286,0.38127,0.37575
1.1702,0.37457,0.42628,0.37189,0.36947,0.40608,0.38008,0.37443,0.40298,0.3804,0.37656
1.1765,0.37553,0.42606,0.3709,0.37048,0.40593,0.37906,0.37537,0.40283,0.37956,0.37753
1.1827,0.37649,0.4258,0.36993,0.37156,0.40569,0.37808,0.37641,0.40242,0.37874,0.37875
1.189,0.37746,0.4255,0.36898,0.37268,0.40533,0.3771,0.37756,0.40178,0.37794,0.38004
1.1952,0.37844,0.42517,0.36806,0.37383,0.40495,0.37615,0.37882,0.40091,0.37717,0.3815
1.2015,0.37943,0.4248,0.36718,0.37504,0.40448,0.37525,0.38017,0.39986,0.37643,0.38306
1.2078,0.38042,0.42439,0.36632,0.3763,0.40399,0.37438,0.38159,0.39866,0.37574,0.38475
1.214,0.38142,0.42394,0.36549,0.37758,0.40342,0.37355,0.38308,0.39738,0.37511,0.38653
1.2203,0.38243,0.42345,0.36469,0.37891,0.40285,0.37277,0.38464,0.39603,0.37454,0.38838
1.2265,0.38345,0.42293,0.36392,0.38027,0.40223,0.37203,0.38624,0.39467,0.37406,0.39028
1.2328,0.38447,0.42238,0.36317,0.38165,0.40158,0.37135,0.38786,0.39333,0.37366,0.39219
1.239,0.38549,0.42178,0.36246,0.38306,0.40089,0.37073,0.38951,0.39204,0.37336,0.39408
1.2453,0.38652,0.42117,0.36179,0.38449,0.40016,0.37018,0.39115,0.39081,0.37319,0.3959
1.2516,0.38756,0.42053,0.36115,0.38593,0.39941,0.3697,0.39277,0.38963,0.37314,0.39761
1.2578,0.3886,0.41986,0.36055,0.38737,0.39862,0.36929,0.39435,0.38852,0.3732,0.39918
1.2641,0.38965,0.41915,0.35998,0.38882,0.39781,0.36896,0.39587,0.38747,0.37339,0.40056
1.2703,0.39069,0.4184,0.35946,0.39027,0.39697,0.36871,0.39731,0.38646,0.37372,0.40169
1.2766,0.39175,0.41763,0.35898,0.3917,0.39609,0.36854,0.39865,0.38549,0.37419,0.40252
1.2829,0.3928,0.41684,0.35855,0.39312,0.39519,0.36846,0.39986,0.38455,0.37479,0.40303
1.2891,0.39386,0.41603,0.35816,0.39452,0.39425,0.36848,0.40092,0.38362,0.37552,0.40317
1.2954,0.39491,0.41518,0.35783,0.39589,0.3933,0.36858,0.40182,0.3827,0.3764,0.40292
1.3016,0.39597,0.4143,0.35751,0.39721,0.39231,0.36876,0.40253,0.38179,0.37742,0.40229
1.3079,0.39703,0.41342,0.35727,0.3985,0.3913,0.36905,0.40304,0.38088,0.37865,0.40128
1.3141,0.39809,0.4125,0.35704,0.39974,0.39026,0.36943,0.40334,0.37998,0.37998,0.39992
1.3204,0.39916,0.41157,0.35687,0.40091,0.38922,0.3699,0.40343,0.37909,0.38141,0.39829
1.3267,0.40022,0.41061,0.35673,0.40204,0.38815,0.37046,0.40331,0.37822,0.38294,0.39645
1.3329,0.40127,0.40963,0.35663,0.4031,0.38707,0.37112,0.40299,0.37738,0.38457,0.39449
1.3392,0.40233,0.40864,0.35658,0.40408,0.38598,0.37187,0.40248,0.37658,0.38627,0.39248
1.3454,0.40339,0.40763,0.35657,0.40499,0.38488,0.37271,0.40182,0.37582,0.38804,0.39052
1.3517,0.40444,0.4066,0.3566,0.40583,0.38378,0.37369,0.40101,0.37513,0.38984,0.38866
1.3579,0.40549,0.40556,0.35668,0.40659,0.38268,0.37472,0.40011,0.3745,0.39165,0.38693
1.3642,0.40653,0.4045,0.35681,0.40725,0.38159,0.37589,0.39913,0.37394,0.39344,0.38537
1.3705,0.40758,0.40342,0.35698,0.40782,0.38051,0.37707,0.39811,0.37344,0.39518,0.38397
1.3767,0.40861,0.40234,0.35719,0.40831,0.37944,0.37834,0.39707,0.37303,0.39684,0.38272
1.383,0.40964,0.40125,0.35746,0.4087,0.37839,0.37969,0.39602,0.37272,0.39837,0.3816
1.3892,0.41067,0.40015,0.35777,0.40904,0.37735,0.3811,0.39499,0.37252,0.39975,0.38061
1.3955,0.41168,0.39903,0.35813,0.4093,0.37633,0.38255,0.39397,0.37244,0.40092,0.37971
1.4018,0.41269,0.39791,0.35853,0.40949,0.37534,0.38405,0.39297,0.37249,0.40186,0.37888
1.408,0.4137,0.39679,0.35898,0.40961,0.37438,0.38558,0.39198,0.37266,0.40253,0.37813
1.4143,0.41469,0.39565,0.35948,0.40965,0.37346,0.38714,0.39101,0.37291,0.4029,0.37742
1.4205,0.41567,0.39451,0.36004,0.40963,0.37257,0.38871,0.39005,0.37329,0.40295,0.37677
1.4268,0.41665,0.39337,0.36064,0.40955,0.37174,0.39028,0.3891,0.37378,0.40268,0.37617
1.433,0.41761,0.39223,0.36129,0.4094,0.37095,0.39183,0.38814,0.37439,0.40208,0.37563
1.4393,0.41857,0.39109,0.36201,0.4092,0.37022,0.39336,0.38717,0.37512,0.40118,0.37516
1.4456,0.41951,0.38994,0.36276,0.40894,0.36952,0.39484,0.38619,0.37599,0.40001,0.37475
1.4518,0.42044,0.3888,0.36353,0.40863,0.36887,0.39626,0.38521,0.37698,0.39862,0.37444
1.4581,0.42136,0.38766,0.36434,0.40828,0.36828,0.3976,0.38421,0.37808,0.39706,0.37421
1.4643,0.42226,0.38652,0.3652,0.40787,0.36777,0.39886,0.38322,0.37935,0.39541,0.37411
1.4706,0.42315,0.38538,0.3661,0.40743,0.36731,0.40002,0.38222,0.3807,0.39372,0.37412
1.4768,0.42402,0.38425,0.36705,0.40694,0.36692,0.40106,0.38122,0.38214,0.39206,0.37427
1.4831,0.42488,0.38313,0.36802,0.40642,0.36661,0.40197,0.38023,0.38368,0.39047,0.37456
1.4894,0.42573,0.38201,0.36904,0.40585,0.36635,0.40273,0.37927,0.38529,0.38898,0.37501
1.4956,0.42656,0.3809,0.37008,0.40524,0.36616,0.40334,0.37833,0.38695,0.3876,0.37561
1.5019,0.42737,0.37979,0.37117,0.4046,0.36603,0.40378,0.37741,0.38866,0.38634,0.37638
1.5081,0.42816,0.3787,0.37229,0.40393,0.36598,0.40407,0.37653,0.39038,0.38518,0.3773
1.5144,0.42894,0.37762,0.37344,0.40321,0.366,0.4042,0.37569,0.3921,0.3841,0.37841
1.5207,0.4297,0.37654,0.37463,0.40245,0.3661,0.40417,0.3749,0.39379,0.38311,0.37973
1.5269,0.43045,0.37548,0.37585,0.40166,0.36628,0.404,0.37417,0.39543,0.38216,0.38111
1.5332,0.43117,0.37444,0.37709,0.40083,0.36654,0.4037,0.3735,0.39699,0.38126,0.38264
1.5394,0.43187,0.37341,0.37836,0.39997,0.36688,0.40327,0.37288,0.39844,0.3804,0.38431
1.5457,0.43256,0.37238,0.37965,0.39907,0.3673,0.40275,0.37234,0.39975,0.37956,0.38606
1.5519,0.43322,0.37138,0.38096,0.39814,0.3678,0.40213,0.3719,0.4009,0.37874,0.3879
1.5582,0.43385,0.37039,0.3823,0.39717,0.36837,0.40145,0.37155,0.40184,0.37795,0.38978
1.5645,0.43447,0.36942,0.38364,0.39618,0.36903,0.40072,0.37128,0.40255,0.37719,0.39169
1.5707,0.43506,0.36846,0.385,0.39515,0.3698,0.39994,0.37108,0.40303,0.37646,0.39358
1.577,0.43564,0.36752,0.38637,0.3941,0.37064,0.39915,0.37099,0.40324,0.37581,0.39543
1.5832,0.43619,0.36661,0.38775,0.39302,0.37154,0.39834,0.37098,0.40318,0.37521,0.39719
1.5895,0.43672,0.36571,0.38912,0.39193,0.37254,0.39753,0.37107,0.40287,0.37468,0.3988
1.5957,0.43723,0.36484,0.3905,0.39082,0.37356,0.39671,0.37127,0.4023,0.37423,0.40023
1.602,0.43771,0.36397,0.39187,0.38969,0.37467,0.39589,0.37157,0.40151,0.37387,0.40143
1.6083,0.43817,0.36313,0.39323,0.38855,0.37586,0.39506,0.37199,0.40052,0.37359,0.40235
1.6145,0.43861,0.36232,0.39459,0.3874,0.37708,0.39421,0.37251,0.39937,0.37343,0.40294
1.6208,0.43902,0.36152,0.39593,0.38625,0.37836,0.39336,0.37315,0.3981,0.37339,0.40318
1.627,0.43942,0.36076,0.39725,0.3851,0.3797,0.39248,0.3739,0.39676,0.37347,0.40303
1.6333,0.43979,0.36001,0.39856,0.38395,0.38108,0.39158,0.37476,0.3954,0.37368,0.40249
1.6395,0.44013,0.35928,0.39983,0.3828,0.38249,0.39065,0.37573,0.39404,0.37403,0.40157
1.6458,0.44045,0.35857,0.40107,0.38166,0.38394,0.38969,0.37682,0.39272,0.37452,0.4003
1.6521,0.44073,0.35789,0.40229,0.38053,0.38542,0.38872,0.37799,0.39145,0.37515,0.39873
1.6583,0.44099,0.35723,0.40347,0.37941,0.38692,0.38771,0.37927,0.39025,0.37593,0.39693
1.6646,0.44122,0.3566,0.40461,0.37831,0.38842,0.38669,0.38066,0.38911,0.37684,0.39499
1.6708,0.44143,0.35599,0.40571,0.37722,0.38992,0.38566,0.38209,0.38803,0.3779,0.39299
1.6771,0.44162,0.35541,0.40675,0.37616,0.39141,0.38461,0.3836,0.38701,0.37916,0.39101
1.6834,0.44178,0.35485,0.40775,0.37511,0.39288,0.38356,0.38516,0.38602,0.3805,0.38911
1.6896,0.44192,0.35433,0.40869,0.37409,0.39433,0.3825,0.38676,0.38506,0.38195,0.38735
1.6959,0.44203,0.35384,0.40959,0.3731,0.39573,0.38146,0.38839,0.38413,0.38351,0.38574
1.7021,0.44212,0.35337,0.41044,0.37213,0.39709,0.38042,0.39003,0.3832,0.38518,0.38429
1.7084,0.44219,0.35293,0.41122,0.37121,0.39838,0.3794,0.39167,0.38228,0.3869,0.38301
1.7146,0.44223,0.35254,0.41194,0.37032,0.39961,0.3784,0.39328,0.38137,0.38867,0.38186
1.7209,0.44224,0.35215,0.4126,0.36946,0.40075,0.37742,0.39485,0.38046,0.39047,0.38084
1.7272,0.44223,0.35181,0.41322,0.36864,0.4018,0.37648,0.39635,0.37957,0.39228,0.37992
1.7334,0.4422,0.35148,0.41379,0.36785,0.40276,0.37557,0.39776,0.37869,0.39406,0.37908
1.7397,0.44214,0.35119,0.4143,0.36711,0.40361,0.3747,0.39907,0.37783,0.39579,0.37831
1.7459,0.44205,0.35091,0.41475,0.36641,0.40434,0.37389,0.40024,0.377,0.39741,0.37759
1.7522,0.44194,0.35067,0.41514,0.36576,0.40496,0.3731,0.40126,0.37621,0.39891,0.37692
1.7584,0.4418,0.35045,0.41547,0.36516,0.40545,0.37237,0.40211,0.37549,0.40023,0.37631
1.7647,0.44164,0.35026,0.41574,0.36461,0.40583,0.37169,0.40277,0.37484,0.40134,0.37576
1.771,0.44146,0.3501,0.41596,0.36411,0.4061,0.37108,0.40322,0.37425,0.4022,0.37526
1.7772,0.44125,0.34998,0.41612,0.36367,0.40624,0.37054,0.40347,0.37373,0.40278,0.37483
1.7835,0.44102,0.34988,0.41623,0.3633,0.40628,0.37007,0.4035,0.3733,0.40305,0.37448
1.7897,0.44076,0.34981,0.41629,0.36298,0.40622,0.36967,0.40334,0.37294,0.40301,0.37423
1.796,0.44047,0.3498,0.41629,0.36271,0.40608,0.36936,0.40298,0.37268,0.40263,0.37408
1.8023,0.44017,0.34979,0.41625,0.36252,0.40583,0.36913,0.40244,0.37253,0.40194,0.37407
1.8085,0.43984,0.34983,0.41615,0.36241,0.40548,0.36899,0.40175,0.37249,0.40095,0.37418
1.8148,0.43949,0.34989,0.41601,0.36232,0.4051,0.36893,0.40093,0.37257,0.3997,0.37444
1.821,0.43911,0.34999,0.41582,0.36233,0.40465,0.36896,0.4,0.37276,0.39824,0.37484
1.8273,0.43872,0.3501,0.41558,0.36235,0.40415,0.36909,0.399,0.37315,0.39665,0.37541
1.8335,0.4383,0.35024,0.4153,0.36249,0.40362,0.3693,0.39797,0.37362,0.39498,0.37614
1.8398,0.43785,0.35042,0.41497,0.36264,0.40305,0.36961,0.3969,0.37424,0.39329,0.37702
1.8461,0.43739,0.35063,0.4146,0.36285,0.40245,0.37002,0.39585,0.375,0.39165,0.37807
1.8523,0.43691,0.35087,0.41419,0.36312,0.40181,0.37052,0.3948,0.37583,0.39009,0.37933
1.8586,0.4364,0.35114,0.41374,0.36345,0.40114,0.37111,0.39377,0.37678,0.38863,0.38069
1.8648,0.43587,0.35145,0.41323,0.36385,0.40042,0.3718,0.39276,0.37784,0.38728,0.38219
1.8711,0.43533,0.35182,0.41268,0.36431,0.39968,0.37258,0.39177,0.37902,0.38605,0.38381
1.8773,0.43476,0.35218,0.41209,0.36485,0.3989,0.37345,0.39079,0.38031,0.38492,0.38555
1.8836,0.43417,0.35258,0.41146,0.36546,0.3981,0.37442,0.38981,0.3817,0.38388,0.38737
1.8899,0.43357,0.35303,0.41076,0.36614,0.39728,0.37547,0.38884,0.3832,0.3829,0.38925
1.8961,0.43294,0.35348,0.41005,0.36686,0.39641,0.3766,0.38788,0.38478,0.38197,0.39116
1.9024,0.4323,0.35395,0.40932,0.36764,0.39551,0.37781,0.38691,0.38642,0.38108,0.39306
1.9086,0.43163,0.35445,0.40855,0.36848,0.39458,0.3791,0.38593,0.38811,0.38021,0.39493
1.9149,0.43095,0.35497,0.40774,0.36937,0.39363,0.38045,0.38495,0.38982,0.37937,0.39671
1.9212,0.43026,0.35553,0.40687,0.37032,0.39265,0.38185,0.38396,0.39155,0.37855,0.39835
1.9274,0.42954,0.35613,0.406,0.37136,0.39165,0.38333,0.38297,0.39324,0.37776,0.39984
1.9337,0.42881,0.35675,0.4051,0.37241,0.39061,0.38484,0.38198,0.3949,0.37699,0.4011
1.9399,0.42807,0.35739,0.40416,0.37352,0.38957,0.38638,0.381,0.39648,0.37627,0.4021
1.9462,0.4273,0.35806,0.40319,0.37468,0.3885,0.38794,0.38003,0.39796,0.37559,0.40279
1.9524,0.42653,0.35876,0.4022,0.37589,0.38742,0.38951,0.37907,0.39932,0.37499,0.40313
1.9587,0.42573,0.35949,0.40118,0.37714,0.38633,0.39107,0.37814,0.40053,0.37446,0.40308
1.965,0.42493,0.36025,0.40015,0.37842,0.38523,0.39261,0.37723,0.40155,0.37402,0.40266
1.9712,0.4241,0.36103,0.39908,0.37974,0.38413,0.39412,0.37635,0.40236,0.37368,0.40184
1.9775,0.42327,0.36184,0.39801,0.3811,0.38303,0.39558,0.37551,0.40293,0.37345,0.40067
1.9837,0.42242,0.36268,0.39691,0.38247,0.38193,0.39698,0.37473,0.40324,0.37332,0.39918
1.99,0.42155,0.36354,0.3958,0.38388,0.38084,0.39829,0.374,0.40329,0.37334,0.39744
1.9962,0.42068,0.36443,0.39467,0.3853,0.37976,0.39951,0.37334,0.40308,0.37349,0.39553
2.0025,0.4198,0.36535,0.39354,0.38673,0.3787,0.40061,0.37274,0.40261,0.37376,0.39354
2.0088,0.41891,0.3663,0.39239,0.38817,0.37766,0.40159,0.37224,0.4019,0.37416,0.39155
2.015,0.418,0.36727,0.39124,0.3896,0.37663,0.40244,0.37181,0.40098,0.3747,0.38962
2.0213,0.41709,0.36826,0.39008,0.39104,0.37563,0.40313,0.37147,0.39988,0.37538,0.38782
2.0275,0.41616,0.36927,0.38891,0.39246,0.37466,0.40366,0.37121,0.39866,0.37621,0.38616
2.0338,0.41523,0.3703,0.38774,0.39387,0.37373,0.40404,0.37103,0.39734,0.37717,0.38467
2.0401,0.41429,0.37137,0.38657,0.39525,0.37283,0.40425,0.37095,0.39598,0.3783,0.38334
2.0463,0.41334,0.37244,0.38541,0.3966,0.37199,0.40431,0.37096,0.39462,0.37956,0.38216
2.0526,0.41238,0.37354,0.38424,0.39791,0.37119,0.40422,0.37108,0.39328,0.38097,0.3811
2.0588,0.41142,0.37465,0.38308,0.39919,0.37043,0.40399,0.3713,0.39199,0.38245,0.38015
2.0651,0.41045,0.37579,0.38193,0.40041,0.36974,0.40364,0.37163,0.39076,0.38404,0.3793
2.0713,0.40948,0.37694,0.38078,0.40157,0.36908,0.40318,0.37207,0.3896,0.38572,0.3785
2.0776,0.4085,0.37811,0.37964,0.40268,0.36848,0.40262,0.37262,0.38849,0.38746,0.37777
2.0839,0.40751,0.37929,0.37852,0.40372,0.36794,0.40199,0.37329,0.38744,0.38925,0.37709
2.0901,0.40652,0.38048,0.37741,0.40468,0.36748,0.40128,0.37406,0.38644,0.39106,0.37647
2.0964,0.40553,0.38169,0.37632,0.40558,0.36708,0.40053,0.375,0.38547,0.39287,0.3759
2.1026,0.40453,0.38291,0.37524,0.4064,0.36674,0.39975,0.37603,0.38452,0.39463,0.37539
2.1089,0.40353,0.38415,0.37418,0.40712,0.36648,0.39894,0.37713,0.3836,0.39633,0.37493
2.1151,0.40253,0.38539,0.37314,0.40777,0.36627,0.39812,0.37832,0.38267,0.39792,0.37456
2.1214,0.40153,0.38663,0.37212,0.40831,0.36614,0.39729,0.37963,0.38176,0.39936,0.37428
2.1277,0.40052,0.38789,0.37111,0.40876,0.36607,0.39645,0.38102,0.38084,0.40062,0.3741
2.1339,0.39951,0.38915,0.37014,0.40917,0.36608,0.3956,0.38247,0.37994,0.40166,0.37405
2.1402,0.3985,0.39041,0.36919,0.40949,0.36616,0.39473,0.38399,0.37906,0.40243,0.37413
2.1464,0.3975,0.39168,0.36826,0.40973,0.36633,0.39385,0.38556,0.37819,0.40293,0.37435
2.1527,0.39649,0.39295,0.36738,0.40988,0.36657,0.39297,0.38716,0.37735,0.40311,0.37471
2.1589,0.39548,0.39421,0.36652,0.40997,0.36689,0.39206,0.3888,0.37654,0.40296,0.37524
2.1652,0.39447,0.39547,0.3657,0.40996,0.36729,0.39114,0.39044,0.37578,0.40249,0.37593
2.1715,0.39346,0.39673,0.36489,0.40992,0.36777,0.39019,0.39207,0.37508,0.40172,0.37677
2.1777,0.39245,0.39798,0.36412,0.40981,0.36833,0.38923,0.39367,0.37444,0.40065,0.37777
2.184,0.39145,0.39923,0.36339,0.40964,0.369,0.38823,0.39522,0.37389,0.39934,0.37899
2.1902,0.39045,0.40047,0.3627,0.40942,0.36974,0.38722,0.39669,0.37341,0.39785,0.38034
2.1965,0.38945,0.40169,0.36204,0.40911,0.37058,0.38619,0.39808,0.37303,0.39624,0.3818
2.2028,0.38845,0.4029,0.36141,0.40875,0.37148,0.38515,0.39935,0.37276,0.39456,0.3834
2.209,0.38746,0.4041,0.36084,0.40836,0.37244,0.3841,0.40045,0.37259,0.39289,0.3851
2.2153,0.38647,0.40527,0.36029,0.4079,0.37345,0.38305,0.40139,0.37256,0.39126,0.3869
2.2215,0.38549,0.40644,0.35977,0.40744,0.37455,0.382,0.40219,0.37264,0.38972,0.38876
2.2278,0.38451,0.40758,0.3593,0.40688,0.37571,0.38095,0.4028,0.3728,0.38828,0.39066
2.234,0.38354,0.4087,0.35886,0.40633,0.37693,0.37992,0.40315,0.37308,0.38695,0.39256
2.2403,0.38256,0.4098,0.35847,0.40573,0.37819,0.37891,0.4033,0.37347,0.38573,0.39444
2.2466,0.3816,0.41088,0.35811,0.40509,0.37952,0.37792,0.40326,0.37399,0.3846,0.39625
2.2528,0.38064,0.41192,0.35781,0.40439,0.3809,0.37695,0.40306,0.37463,0.38356,0.39795
2.2591,0.37969,0.41294,0.35754,0.40367,0.3823,0.37601,0.40268,0.3754,0.38258,0.39949
2.2653,0.37875,0.41393,0.35732,0.4029,0.38375,0.37512,0.40214,0.3763,0.38167,0.40082
2.2716,0.37781,0.41489,0.35715,0.40212,0.38522,0.37427,0.40145,0.37732,0.38079,0.40189
2.2778,0.37688,0.41582,0.35702,0.4013,0.38671,0.37346,0.40064,0.37852,0.37994,0.40265
2.2841,0.37595,0.41672,0.35693,0.40043,0.38821,0.3727,0.39972,0.37981,0.37912,0.40308
2.2904,0.37503,0.41758,0.35689,0.39954,0.38971,0.37201,0.39874,0.38119,0.37832,0.40314
2.2966,0.37413,0.41842,0.3569,0.39861,0.3912,0.37139,0.3977,0.38265,0.37755,0.40281
2.3029,0.37323,0.41919,0.35695,0.39766,0.39268,0.37083,0.39664,0.38421,0.37681,0.40209
2.3091,0.37233,0.41994,0.35705,0.39668,0.39413,0.37033,0.39559,0.38582,0.37613,0.401
2.3154,0.37145,0.42065,0.3572,0.39566,0.39554,0.3699,0.39454,0.3875,0.3755,0.39957
2.3217,0.37058,0.42133,0.35739,0.39463,0.39689,0.36954,0.3935,0.3892,0.37494,0.39787
2.3279,0.36971,0.42197,0.35763,0.39358,0.39819,0.36926,0.39247,0.39092,0.37445,0.39598
2.3342,0.36886,0.42257,0.35792,0.3925,0.39942,0.36906,0.39147,0.39264,0.37403,0.39398
2.3404,0.36801,0.42312,0.35825,0.39141,0.40056,0.36895,0.39048,0.39431,0.37372,0.39197
2.3467,0.36717,0.42362,0.35863,0.3903,0.40162,0.36892,0.38951,0.39593,0.37351,0.39002
2.3529,0.36634,0.42409,0.35906,0.38918,0.40259,0.36899,0.38853,0.39747,0.37341,0.38819
2.3592,0.36552,0.42453,0.35953,0.38805,0.40344,0.36915,0.38756,0.39888,0.37344,0.38651
2.3655,0.36472,0.42493,0.36007,0.38691,0.40417,0.36941,0.38658,0.40015,0.3736,0.385
2.3717,0.36392,0.42529,0.36065,0.38577,0.40478,0.36976,0.3856,0.40124,0.37391,0.38366
2.378,0.36314,0.42561,0.36127,0.38462,0.4053,0.3702,0.38461,0.40213,0.37436,0.38247
2.3842,0.36236,0.42589,0.36195,0.38348,0.40571,0.37074,0.38362,0.40278,0.37495,0.38141
2.3905,0.36161,0.42613,0.36267,0.38234,0.40601,0.37137,0.38263,0.40319,0.37567,0.38046
2.3967,0.36086,0.42632,0.36342,0.38121,0.40616,0.3721,0.38163,0.40333,0.37653,0.37958
2.403,0.36012,0.42648,0.36422,0.38009,0.4062,0.37292,0.38065,0.4032,0.37753,0.37877
2.4093,0.35939,0.42659,0.36505,0.37898,0.40615,0.37388,0.37968,0.40282,0.37874,0.37801
2.4155,0.35868,0.42666,0.36593,0.37789,0.40603,0.37491,0.37872,0.40219,0.38006,0.3773
2.4218,0.35797,0.4267,0.36687,0.37681,0.40582,0.37601,0.3778,0.40135,0.38148,0.37664
2.428,0.35728,0.42669,0.36783,0.37575,0.40551,0.3772,0.37689,0.40031,0.38299,0.37603
2.4343,0.35661,0.42665,0.36883,0.37472,0.40512,0.37845,0.37603,0.39912,0.38461,0.3755
2.4406,0.35594,0.42656,0.36986,0.37372,0.4047,0.37977,0.37523,0.39783,0.38631,0.37503
2.4468,0.35528,0.42644,0.37093,0.37273,0.4042,0.38115,0.37447,0.39648,0.38807,0.37463
2.4531,0.35464,0.42627,0.37204,0.37178,0.40367,0.38259,0.37378,0.39512,0.38987,0.37432
2.4593,0.35401,0.42607,0.37318,0.37087,0.40309,0.38407,0.37313,0.39376,0.39168,0.37412
2.4656,0.3534,0.42583,0.37435,0.36998,0.40249,0.3856,0.37255,0.39246,0.39347,0.37403
2.4718,0.3528,0.42556,0.37554,0.36913,0.40185,0.38715,0.37205,0.39121,0.39522,0.37407
2.4781,0.35221,0.42524,0.37677,0.36832,0.40117,0.38871,0.37162,0.39002,0.39689,0.37425
2.4844,0.35164,0.42489,0.37802,0.36755,0.40046,0.39027,0.37127,0.38889,0.39843,0.37459
2.4906,0.35109,0.42448,0.3793,0.36684,0.39971,0.39183,0.37102,0.38783,0.39982,0.37507
2.4969,0.35054,0.42406,0.3806,0.36617,0.39893,0.39335,0.37087,0.38681,0.40102,0.37571
2.5031,0.35,0.42357,0.38192,0.36555,0.39813,0.39484,0.37081,0.38583,0.40198,0.3765
2.5094,0.34948,0.42307,0.38326,0.36497,0.3973,0.39627,0.37086,0.38488,0.40268,0.37746
2.5156,0.34897,0.42253,0.38461,0.36444,0.39644,0.39764,0.37101,0.38395,0.40307,0.37868
2.5219,0.34847,0.42195,0.38597,0.36395,0.39553,0.39891,0.37126,0.38302,0.40316,0.38
2.5282,0.34799,0.42136,0.38734,0.36354,0.39461,0.40009,0.37163,0.3821,0.40291,0.38146
2.5344,0.34752,0.42073,0.38871,0.36317,0.39366,0.40114,0.3721,0.38119,0.40234,0.383
2.5407,0.34707,0.42007,0.39009,0.36287,0.39269,0.40206,0.37269,0.38028,0.40148,0.38468
2.5469,0.34662,0.41938,0.39146,0.36263,0.39168,0.40284,0.3734,0.37939,0.40034,0.38644
2.5532,0.3462,0.41866,0.39283,0.36243,0.39066,0.40347,0.37427,0.37852,0.39897,0.38828
2.5594,0.34578,0.4179,0.39418,0.36228,0.38961,0.40394,0.37523,0.37766,0.39743,0.39017
2.5657,0.34539,0.41713,0.39553,0.3622,0.38855,0.40425,0.37627,0.37684,0.39579,0.39207
2.572,0.345,0.41633,0.39685,0.36217,0.38748,0.40441,0.37739,0.37607,0.39411,0.39396
2.5782,0.34464,0.4155,0.39816,0.3622,0.38639,0.4044,0.37862,0.37536,0.39244,0.39579
2.5845,0.34429,0.41464,0.39945,0.36229,0.38529,0.40426,0.37995,0.37472,0.39084,0.39752
2.5907,0.34396,0.41376,0.4007,0.36245,0.3842,0.40397,0.38135,0.37415,0.38932,0.39911
2.597,0.34364,0.41287,0.40193,0.36267,0.3831,0.40358,0.38281,0.37365,0.38791,0.4005
2.6033,0.34334,0.41195,0.40312,0.36295,0.382,0.40306,0.38435,0.37323,0.38661,0.40165
2.6095,0.34305,0.41101,0.40427,0.3633,0.38091,0.40247,0.38593,0.3729,0.38542,0.4025
2.6158,0.34278,0.41004,0.40538,0.36371,0.37984,0.4018,0.38754,0.37267,0.38432,0.40302
2.622,0.34252,0.40906,0.40645,0.36421,0.37878,0.40105,0.38918,0.37254,0.3833,0.40318
2.6283,0.34227,0.40805,0.40748,0.36477,0.37774,0.40028,0.39082,0.37253,0.38234,0.40295
2.6345,0.34204,0.40703,0.40845,0.3654,0.37671,0.39948,0.39244,0.37264,0.38144,0.40234
2.6408,0.34182,0.406,0.40938,0.36608,0.37571,0.39867,0.39403,0.37286,0.38057,0.40134
2.6471,0.34162,0.40495,0.41025,0.36683,0.37474,0.39784,0.39556,0.37324,0.37973,0.4
2.6533,0.34142,0.40388,0.41106,0.36765,0.3738,0.397,0.39703,0.37375,0.37891,0.39836
2.6596,0.34125,0.4028,0.41182,0.3685,0.3729,0.39614,0.39839,0.37438,0.37812,0.39651
2.6658,0.34108,0.40172,0.41252,0.3694,0.37205,0.39528,0.39963,0.37515,0.37735,0.39454
2.6721,0.34093,0.40062,0.41316,0.37036,0.37125,0.3944,0.40074,0.37602,0.37664,0.39252
2.6783,0.3408,0.39951,0.41374,0.3714,0.37049,0.39351,0.40167,0.377,0.37597,0.39055
2.6846,0.34068,0.3984,0.41426,0.37247,0.36977,0.3926,0.40243,0.3781,0.37536,0.38869
2.6909,0.34057,0.39727,0.4147,0.37359,0.36911,0.39167,0.40299,0.37936,0.37481,0.38697
2.6971,0.34049,0.39614,0.41508,0.37475,0.3685,0.39072,0.40335,0.3807,0.37434,0.38541
2.7034,0.34042,0.39501,0.41541,0.37597,0.36794,0.38976,0.4035,0.38212,0.37396,0.38403
2.7096,0.34036,0.39387,0.4157,0.37722,0.36748,0.38877,0.40344,0.38364,0.37367,0.3828
2.7159,0.34033,0.39273,0.41593,0.37851,0.36707,0.38776,0.40318,0.38524,0.37349,0.3817
2.7222,0.34031,0.39158,0.41611,0.37984,0.36673,0.38674,0.40273,0.38689,0.37343,0.38072
2.7284,0.3403,0.39044,0.41624,0.38119,0.36644,0.3857,0.40211,0.38858,0.3735,0.37983
2.7347,0.34031,0.38929,0.41632,0.38258,0.36622,0.38465,0.40137,0.3903,0.3737,0.379
2.7409,0.34032,0.38815,0.41635,0.38398,0.36607,0.3836,0.40049,0.39202,0.37406,0.37822
2.7472,0.34037,0.38701,0.41632,0.38541,0.36599,0.38255,0.39952,0.39371,0.37455,0.3775
2.7534,0.34041,0.38588,0.41625,0.38684,0.36599,0.3815,0.3985,0.39535,0.37517,0.37683
2.7597,0.34047,0.38474,0.41613,0.38828,0.36606,0.38046,0.39744,0.39691,0.37593,0.37621
2.766,0.34055,0.38362,0.41596,0.38972,0.36621,0.37944,0.39638,0.39836,0.37683,0.37565
2.7722,0.34063,0.3825,0.41575,0.39116,0.36644,0.37844,0.39532,0.39968,0.3779,0.37516
2.7785,0.34073,0.38138,0.41549,0.39258,0.36675,0.37745,0.39428,0.40084,0.37913,0.37474
2.7847,0.34086,0.38027,0.41518,0.39399,0.36714,0.3765,0.39326,0.40181,0.3805,0.3744
2.791,0.34099,0.37918,0.41482,0.39537,0.3676,0.37558,0.39225,0.40256,0.38194,0.37417
2.7972,0.34115,0.37809,0.41442,0.39672,0.36815,0.37471,0.39127,0.40306,0.38349,0.37405
2.8035,0.34131,0.37701,0.41398,0.39803,0.36878,0.37389,0.3903,0.40331,0.38513,0.37406
2.8098,0.34149,0.37595,0.4135,0.3993,0.36951,0.37311,0.38934,0.40329,0.38685,0.3742
2.816,0.34171,0.3749,0.41295,0.40052,0.37031,0.37237,0.38839,0.403,0.38862,0.37449
2.8223,0.34192,0.37386,0.41238,0.40168,0.3712,0.37169,0.38743,0.40247,0.39043,0.37493
2.8285,0.34215,0.37283,0.41174,0.40278,0.37217,0.37108,0.38647,0.40171,0.39223,0.37553
2.8348,0.3424,0.37182,0.41109,0.40382,0.37317,0.37053,0.38549,0.40074,0.39402,0.37628
2.8411,0.34265,0.37083,0.4104,0.40478,0.37425,0.37005,0.38451,0.3996,0.39575,0.3772
2.8473,0.34293,0.36985,0.40968,0.40567,0.37541,0.36964,0.38352,0.39835,0.39738,0.37828
2.8536,0.34322,0.36888,0.40892,0.40648,0.37662,0.36932,0.38252,0.39701,0.39888,0.37955
2.8598,0.34352,0.36793,0.40813,0.4072,0.37788,0.36907,0.38153,0.39566,0.40022,0.38095
2.8661,0.34383,0.36701,0.40728,0.40785,0.3792,0.36891,0.38054,0.3943,0.40135,0.38247
2.8723,0.34416,0.36611,0.40641,0.4084,0.38056,0.36884,0.37957,0.39298,0.40223,0.38413
2.8786,0.34451,0.36522,0.40552,0.40887,0.38196,0.36886,0.37862,0.39171,0.40284,0.38588
2.8849,0.34487,0.36435,0.4046,0.40926,0.3834,0.36897,0.37769,0.39049,0.40315,0.38771
2.8911,0.34524,0.3635,0.40364,0.40956,0.38487,0.36917,0.37679,0.38933,0.40313,0.3896
2.8974,0.34562,0.36267,0.40266,0.40979,0.38636,0.36946,0.37594,0.38823,0.40279,0.39151
2.9036,0.34602,0.36187,0.40166,0.40991,0.38786,0.36985,0.37512,0.38718,0.40213,0.39341
2.9099,0.34643,0.36108,0.40063,0.40997,0.38936,0.37033,0.37437,0.38616,0.40118,0.39526
2.9161,0.34686,0.36032,0.39958,0.40997,0.39086,0.37091,0.37367,0.38518,0.39996,0.39701
2.9224,0.3473,0.35958,0.39851,0.40988,0.39234,0.37158,0.37304,0.38423,0.39854,0.39863
2.9287,0.34776,0.35886,0.39742,0.40976,0.39379,0.37235,0.37248,0.38329,0.39696,0.40008
2.9349,0.34825,0.35818,0.39632,0.40959,0.39521,0.37321,0.37202,0.38235,0.3953,0.4013
2.9412,0.34873,0.35751,0.39519,0.40933,0.39659,0.37421,0.37164,0.38141,0.39362,0.40224
2.9474,0.34924,0.35688,0.39406,0.40903,0.39791,0.37526,0.37135,0.38049,0.39197,0.40286
2.9537,0.34976,0.35627,0.39292,0.40869,0.39916,0.37642,0.37113,0.37958,0.39039,0.40312
2.9599,0.35028,0.3557,0.39177,0.40829,0.40034,0.37761,0.371,0.37869,0.3889,0.40301
2.9662,0.35081,0.35513,0.39061,0.40785,0.40142,0.37889,0.37097,0.37782,0.38752,0.4025
2.9725,0.35137,0.35459,0.38944,0.40736,0.40242,0.38025,0.37103,0.37699,0.38626,0.40161
2.9787,0.35194,0.35408,0.38827,0.40685,0.4033,0.38166,0.3712,0.37622,0.38509,0.40037
2.985,0.35252,0.3536,0.3871,0.40629,0.40408,0.38311,0.37148,0.3755,0.38402,0.39882
2.9912,0.35311,0.35315,0.38593,0.4057,0.40474,0.38461,0.37186,0.37484,0.38301,0.39704
2.9975,0.35374,0.35272,0.38476,0.40505,0.40528,0.38615,0.37236,0.37424,0.38208,0.39511
3.0038,0.35436,0.35233,0.3836,0.40437,0.40571,0.3877,0.37296,0.37371,0.38118,0.39311
3.01,0.35499,0.35195,0.38244,0.40365,0.40601,0.38927,0.37368,0.37326,0.38032,0.39112
3.0163,0.35564,0.3516,0.38129,0.40289,0.4062,0.39083,0.37451,0.37289,0.37949,0.38922
3.0225,0.3563,0.35128,0.38015,0.40209,0.40628,0.39238,0.37549,0.37263,0.37868,0.38745
3.0288,0.35698,0.35099,0.37902,0.40127,0.40626,0.39389,0.37655,0.37249,0.3779,0.38583
3.035,0.35766,0.35073,0.3779,0.4004,0.40614,0.39536,0.37769,0.37247,0.37714,0.38438
3.0413,0.35837,0.35049,0.3768,0.3995,0.40594,0.39677,0.37895,0.37254,0.37644,0.38308
3.0476,0.35908,0.35029,0.37571,0.39857,0.40561,0.3981,0.38028,0.37273,0.37579,0.38192
3.0538,0.3598,0.35011,0.37464,0.39761,0.40526,0.39934,0.3817,0.37303,0.3752,0.38089
3.0601,0.36054,0.34997,0.37359,0.39662,0.40482,0.40047,0.38319,0.37352,0.37467,0.37996
3.0663,0.36129,0.34985,0.37256,0.39561,0.40434,0.40147,0.38473,0.37409,0.37422,0.37912
3.0726,0.36205,0.34978,0.37155,0.39456,0.40382,0.40234,0.38632,0.37484,0.37387,0.37834
3.0788,0.36283,0.34973,0.37057,0.3935,0.40327,0.40307,0.38795,0.3757,0.37361,0.37762
3.0851,0.36361,0.34972,0.36961,0.39242,0.40268,0.40364,0.38959,0.37664,0.37347,0.37695
3.0914,0.36441,0.34973,0.36867,0.39132,0.40206,0.40404,0.39122,0.37771,0.37345,0.37633
3.0976,0.36522,0.34977,0.36777,0.39021,0.4014,0.40429,0.39284,0.37887,0.37355,0.37575
3.1039,0.36604,0.34984,0.3669,0.38909,0.40069,0.40438,0.39442,0.38015,0.3738,0.37524
3.1101,0.36688,0.34994,0.36606,0.38795,0.39997,0.40431,0.39594,0.38153,0.3742,0.37479
3.1164,0.36772,0.35006,0.36525,0.38681,0.39919,0.40411,0.39736,0.383,0.37472,0.37443
3.1227,0.36857,0.35022,0.36447,0.38567,0.39841,0.40377,0.39869,0.38456,0.37539,0.3742
3.1289,0.36944,0.35042,0.36371,0.38452,0.39759,0.40332,0.39989,0.38618,0.37619,0.37408
3.1352,0.37031,0.35064,0.36299,0.38338,0.39674,0.40277,0.40095,0.38786,0.37713,0.37406
3.1414,0.3712,0.35089,0.36231,0.38224,0.39585,0.40213,0.40185,0.38958,0.37827,0.37418
3.1477,0.3721,0.35119,0.36166,0.38111,0.39493,0.40144,0.40257,0.3913,0.37951,0.37445
3.1539,0.373,0.35153,0.36106,0.37999,0.39399,0.40069,0.40309,0.393,0.38093,0.37486
3.1602,0.37392,0.35189,0.36048,0.37888,0.39302,0.39992,0.40339,0.39467,0.38239,0.3754
3.1665,0.37484,0.35226,0.35995,0.37778,0.39203,0.39912,0.40349,0.39627,0.38397,0.37612
3.1727,0.37578,0.3527,0.35946,0.37671,0.391,0.39832,0.40339,0.39777,0.38564,0.37699
3.179,0.37672,0.35314,0.35901,0.37565,0.38996,0.39751,0.40308,0.39916,0.38738,0.37802
3.1852,0.37767,0.35361,0.35862,0.37463,0.3889,0.39669,0.40259,0.40039,0.38916,0.37925
3.1915,0.37863,0.35413,0.35826,0.37362,0.38783,0.39586,0.40194,0.40143,0.39097,0.38063
3.1977,0.3796,0.35465,0.35795,0.37264,0.38674,0.39503,0.40111,0.40226,0.39277,0.38211
3.204,0.38058,0.3552,0.3577,0.3717,0.38564,0.39417,0.40019,0.40285,0.39454,0.38373
3.2103,0.38156,0.35577,0.35747,0.37078,0.38454,0.39329,0.39922,0.40319,0.39625,0.38545
3.2165,0.38255,0.35637,0.35732,0.3699,0.38344,0.39239,0.3982,0.40327,0.39785,0.38726
3.2228,0.38355,0.357,0.35718,0.36906,0.38234,0.39146,0.39716,0.40308,0.39931,0.38914
3.229,0.38455,0.35768,0.3571,0.36825,0.38124,0.3905,0.3961,0.40264,0.40058,0.39104
3.2353,0.38556,0.35838,0.35704,0.36749,0.38016,0.38953,0.39505,0.40196,0.40164,0.39294
3.2416,0.38657,0.35911,0.35704,0.36678,0.37909,0.38853,0.39401,0.40106,0.40245,0.39481
3.2478,0.38759,0.35985,0.35708,0.36612,0.37804,0.38752,0.39298,0.39998,0.40297,0.39659
3.2541,0.38862,0.36062,0.35716,0.36551,0.37701,0.38649,0.39197,0.39877,0.40318,0.39825
3.2603,0.38965,0.36144,0.35728,0.36493,0.376,0.38545,0.39098,0.39746,0.40307,0.39974
3.2666,0.39068,0.36227,0.35746,0.36441,0.37502,0.3844,0.38999,0.3961,0.40263,0.40102
3.2728,0.39172,0.36313,0.35768,0.36393,0.37407,0.38335,0.38901,0.39474,0.40188,0.40203
3.2791,0.39276,0.36401,0.35794,0.3635,0.37316,0.3823,0.38803,0.39339,0.40084,0.40274
3.2854,0.39381,0.36492,0.35825,0.36313,0.37229,0.38125,0.38705,0.3921,0.39956,0.4031
3.2916,0.39485,0.36585,0.35861,0.36281,0.37148,0.38021,0.38606,0.39086,0.39808,0.40309
3.2979,0.3959,0.36682,0.35902,0.36255,0.37071,0.37919,0.38507,0.38969,0.39647,0.40268
3.3041,0.39695,0.3678,0.35947,0.36235,0.37,0.37819,0.38408,0.38858,0.3948,0.40189
3.3104,0.398,0.3688,0.35997,0.36222,0.36932,0.37722,0.38308,0.38753,0.39312,0.40074
3.3166,0.39905,0.36982,0.36054,0.36214,0.3687,0.37627,0.38208,0.38653,0.39149,0.39927
3.3229,0.4001,0.37087,0.36114,0.36212,0.36813,0.37538,0.38109,0.38556,0.38994,0.39754
3.3292,0.40115,0.37193,0.36179,0.36216,0.36764,0.37453,0.38011,0.38461,0.38848,0.39564
3.3354,0.4022,0.37302,0.3625,0.36227,0.36721,0.37372,0.37915,0.38368,0.38714,0.39365
3.3417,0.40325,0.37413,0.36323,0.36244,0.36686,0.37295,0.37821,0.38276,0.3859,0.39165
3.3479,0.4043,0.37525,0.364,0.36267,0.36658,0.37224,0.3773,0.38184,0.38477,0.38971
3.3542,0.40534,0.3764,0.36482,0.36297,0.36634,0.37157,0.37641,0.38093,0.38371,0.3879
3.3605,0.40638,0.37756,0.36568,0.36333,0.36618,0.37098,0.37558,0.38003,0.38273,0.38625
3.3667,0.40741,0.37873,0.3666,0.36375,0.36609,0.37045,0.37481,0.37913,0.38181,0.38475
3.373,0.40844,0.37992,0.36755,0.36423,0.36607,0.37,0.37408,0.37827,0.38093,0.38342
3.3792,0.40947,0.38113,0.36853,0.3648,0.36612,0.36962,0.37342,0.37741,0.38007,0.38223
3.3855,0.41049,0.38234,0.36954,0.36542,0.36626,0.36932,0.3728,0.3766,0.37925,0.38118
3.3917,0.4115,0.38357,0.37061,0.36613,0.36647,0.3691,0.37226,0.37583,0.37845,0.38023
3.398,0.41251,0.38481,0.37171,0.36688,0.36676,0.36898,0.3718,0.37512,0.37767,0.37936
3.4043,0.41351,0.38605,0.37283,0.36769,0.36713,0.36894,0.37145,0.37448,0.37693,0.37856
3.4105,0.4145,0.3873,0.37399,0.36854,0.36758,0.36899,0.37119,0.37391,0.37624,0.37782
3.4168,0.41548,0.38856,0.37518,0.36945,0.36811,0.36913,0.37102,0.37343,0.3756,0.37713
3.423,0.41645,0.38983,0.37641,0.37044,0.36873,0.36937,0.37091,0.37304,0.37503,0.37649
3.4293,0.41742,0.39109,0.37765,0.37147,0.36946,0.3697,0.37092,0.37275,0.37453,0.37591
3.4355,0.41837,0.39236,0.37892,0.37255,0.37026,0.37012,0.37102,0.37258,0.37411,0.37539
3.4418,0.41931,0.39362,0.38021,0.37367,0.37112,0.37064,0.37122,0.37252,0.37378,0.37494
3.4481,0.42024,0.39489,0.38151,0.37484,0.37208,0.37125,0.37153,0.37259,0.37356,0.37456
3.4543,0.42116,0.39615,0.38284,0.37608,0.37306,0.37196,0.37195,0.37274,0.37345,0.37427
3.4606,0.42207,0.3974,0.38419,0.37733,0.37413,0.37276,0.37247,0.373,0.37347,0.3741
3.4668,0.42296,0.39865,0.38554,0.37863,0.37527,0.37365,0.37311,0.37344,0.37361,0.37403
3.4731,0.42384,0.39989,0.38691,0.37997,0.37647,0.37468,0.37388,0.37399,0.37391,0.3741
3.4793,0.4247,0.40112,0.38828,0.38133,0.37772,0.37577,0.37476,0.37465,0.37434,0.3743
3.4856,0.42555,0.40234,0.38965,0.38271,0.37902,0.37693,0.37576,0.37546,0.37491,0.37466
3.4919,0.42639,0.40354,0.39102,0.38412,0.38038,0.37816,0.37686,0.37635,0.37562,0.37517
3.4981,0.4272,0.40473,0.39239,0.38555,0.38177,0.37947,0.37803,0.37735,0.37646,0.37584
3.5044,0.428,0.4059,0.39375,0.38698,0.38321,0.38086,0.37931,0.37847,0.37744,0.37667
3.5106,0.42878,0.40706,0.3951,0.38843,0.38467,0.38228,0.38068,0.3797,0.37864,0.37767
3.5169,0.42955,0.40819,0.39643,0.38987,0.38615,0.38376,0.38211,0.38103,0.37994,0.37881
3.5232,0.4303,0.40929,0.39774,0.3913,0.38765,0.38528,0.38361,0.38247,0.38135,0.38018
3.5294,0.43102,0.41038,0.39904,0.39273,0.38915,0.38682,0.38518,0.38402,0.38286,0.38162
3.5357,0.43172,0.41144,0.4003,0.39413,0.39065,0.38838,0.38678,0.38563,0.38447,0.38321
3.5419,0.43242,0.41247,0.40153,0.39551,0.39213,0.38994,0.38841,0.38729,0.38615,0.38492
3.5482,0.43309,0.41348,0.40274,0.39685,0.39359,0.3915,0.39005,0.389,0.38791,0.3867
3.5544,0.43374,0.41445,0.4039,0.39815,0.39502,0.39303,0.39168,0.39072,0.3897,0.38857
3.5607,0.43437,0.4154,0.40503,0.39941,0.39639,0.39452,0.39329,0.39243,0.39151,0.39046
3.567,0.43498,0.41631,0.40611,0.40062,0.39771,0.39596,0.39486,0.39411,0.39331,0.39237
3.5732,0.43557,0.41719,0.40715,0.40177,0.39897,0.39733,0.39636,0.39573,0.39506,0.39425
3.5795,0.43614,0.41803,0.40814,0.40287,0.40014,0.39862,0.39778,0.39727,0.39674,0.39607
3.5857,0.43668,0.41884,0.40908,0.40389,0.40124,0.39982,0.39909,0.39871,0.3983,0.39777
3.592,0.4372,0.4196,0.40997,0.40485,0.40224,0.4009,0.40026,0.4,0.39971,0.39932
3.5982,0.4377,0.42032,0.41078,0.40573,0.40312,0.40186,0.40129,0.40112,0.40093,0.40067
3.6045,0.43817,0.42102,0.41154,0.40652,0.4039,0.40268,0.40214,0.40203,0.40191,0.40176
3.6108,0.43862,0.42168,0.41225,0.40724,0.40456,0.40334,0.40281,0.40272,0.40264,0.40255
3.617,0.43905,0.4223,0.41291,0.40787,0.40512,0.40385,0.40327,0.40317,0.40307,0.40301
3.6233,0.43944,0.42286,0.41351,0.40841,0.40557,0.4042,0.40352,0.40334,0.40318,0.40309
3.6295,0.43981,0.42339,0.41403,0.40887,0.40592,0.40439,0.40356,0.40325,0.40297,0.40279
3.6358,0.44015,0.42388,0.41451,0.40925,0.40611,0.40441,0.40339,0.4029,0.40244,0.4021
3.6421,0.44047,0.42433,0.41493,0.40954,0.40621,0.4043,0.40302,0.40231,0.40161,0.40103
3.6483,0.44076,0.42475,0.41527,0.40976,0.4062,0.40404,0.40248,0.40148,0.40049,0.39962
3.6546,0.44102,0.42513,0.41559,0.4099,0.40608,0.40366,0.40177,0.40046,0.39914,0.39794
3.6608,0.44125,0.42547,0.41585,0.40993,0.4059,0.40317,0.40094,0.39929,0.39762,0.39606
3.6671,0.44148,0.42576,0.41605,0.40991,0.40565,0.40258,0.40002,0.39801,0.39598,0.39407
3.6733,0.44166,0.42602,0.4162,0.40984,0.40527,0.40192,0.39903,0.39666,0.3943,0.39206
3.6796,0.44183,0.42623,0.4163,0.40972,0.40488,0.4012,0.39799,0.39531,0.39263,0.3901
3.6859,0.44196,0.42641,0.41635,0.40953,0.40439,0.40044,0.39695,0.39397,0.39102,0.38826
3.6921,0.44208,0.42654,0.41634,0.40926,0.40388,0.39965,0.3959,0.39266,0.38949,0.38657
3.6984,0.44218,0.42663,0.41628,0.40896,0.40331,0.39884,0.39487,0.39141,0.38807,0.38505
3.7046,0.44225,0.42668,0.41618,0.40861,0.40272,0.39802,0.39385,0.39021,0.38676,0.3837
3.7109,0.4423,0.4267,0.41603,0.40821,0.40209,0.3972,0.39285,0.38906,0.38555,0.3825
3.7171,0.44232,0.42667,0.41583,0.40777,0.40143,0.39637,0.39187,0.38796,0.38444,0.38144
3.7234,0.44233,0.4266,0.41558,0.4073,0.40073,0.39554,0.3909,0.38692,0.38342,0.38048
3.7297,0.4423,0.42649,0.41528,0.40678,0.4,0.3947,0.38993,0.38591,0.38245,0.3796
3.7359,0.44225,0.42635,0.41495,0.40623,0.39923,0.39385,0.38896,0.38494,0.38154,0.37878
3.7422,0.44218,0.42616,0.41457,0.40564,0.39843,0.39298,0.388,0.38398,0.38067,0.37802
3.7484,0.44208,0.42594,0.41414,0.40499,0.39761,0.39208,0.38702,0.38304,0.37983,0.37731
3.7547,0.44196,0.42568,0.41367,0.4043,0.39676,0.39116,0.38604,0.3821,0.37901,0.37664
3.761,0.44181,0.42539,0.41316,0.40358,0.39587,0.39021,0.38505,0.38117,0.37821,0.37604
3.7672,0.44164,0.42505,0.41259,0.40281,0.39496,0.38924,0.38405,0.38025,0.37745,0.3755
3.7735,0.44144,0.42467,0.41199,0.40201,0.39402,0.38824,0.38305,0.37935,0.37672,0.37503
3.7797,0.44122,0.42425,0.41135,0.40118,0.39305,0.38723,0.38205,0.37847,0.37605,0.37462
3.786,0.44097,0.42379,0.41066,0.40031,0.39206,0.38619,0.38106,0.37761,0.37543,0.37431
3.7922,0.4407,0.42331,0.40996,0.39941,0.39104,0.38515,0.38007,0.37679,0.37487,0.3741
3.7985,0.44041,0.42277,0.40921,0.39847,0.39,0.3841,0.37911,0.37601,0.3744,0.374
3.8048,0.44009,0.42222,0.40843,0.39751,0.38895,0.38304,0.37818,0.37528,0.374,0.37404
3.811,0.43975,0.42163,0.4076,0.39652,0.38788,0.38199,0.37726,0.37462,0.3737,0.37421
3.8173,0.43939,0.42102,0.40674,0.39549,0.38679,0.38094,0.37639,0.37403,0.37352,0.37453
3.8235,0.439,0.42038,0.40586,0.39445,0.3857,0.37992,0.37556,0.37352,0.37344,0.375
3.8298,0.43859,0.4197,0.40496,0.39339,0.3846,0.3789,0.37477,0.3731,0.3735,0.37563
3.836,0.43816,0.41899,0.40401,0.3923,0.3835,0.37792,0.37404,0.37276,0.37368,0.37642
3.8423,0.43771,0.41825,0.40303,0.3912,0.38241,0.37695,0.37338,0.37257,0.37402,0.37737
3.8486,0.43724,0.41749,0.40204,0.39009,0.38131,0.37603,0.37278,0.37248,0.3745,0.37857
3.8548,0.43672,0.4167,0.40102,0.38896,0.38023,0.37514,0.37228,0.3725,0.37511,0.37985
3.8611,0.4362,0.41588,0.39998,0.38783,0.37916,0.3743,0.37186,0.37261,0.37585,0.38127
3.8673,0.43566,0.41503,0.39892,0.38669,0.37811,0.3735,0.37152,0.37284,0.37674,0.38282
3.8736,0.4351,0.41416,0.39784,0.38554,0.37708,0.37275,0.37125,0.37321,0.37778,0.38449
3.8798,0.43453,0.41328,0.39674,0.3844,0.37607,0.37204,0.37108,0.3737,0.37901,0.38624
3.8861,0.43392,0.41237,0.39562,0.38325,0.3751,0.3714,0.37099,0.37435,0.38036,0.38808
3.8924,0.43329,0.41144,0.39449,0.38211,0.37416,0.37083,0.371,0.3751,0.38179,0.38995
3.8986,0.43266,0.41048,0.39335,0.38098,0.37324,0.37033,0.37112,0.37595,0.38332,0.39186
3.9049,0.43201,0.40951,0.3922,0.37986,0.37237,0.3699,0.37134,0.37692,0.38496,0.39375
3.9111,0.43134,0.40852,0.39104,0.37875,0.37154,0.36955,0.37167,0.378,0.38667,0.39559
3.9174,0.43065,0.4075,0.38988,0.37766,0.37076,0.36929,0.37211,0.37919,0.38844,0.39733
3.9237,0.42993,0.40647,0.38871,0.37658,0.37003,0.36911,0.37266,0.38049,0.39024,0.39893
3.9299,0.42921,0.40543,0.38754,0.37553,0.36935,0.36902,0.37332,0.38189,0.39205,0.40033
3.9362,0.42847,0.40437,0.38637,0.37451,0.36872,0.36901,0.37409,0.38339,0.39384,0.4015
3.9424,0.42771,0.4033,0.3852,0.37351,0.36814,0.3691,0.37498,0.38496,0.39557,0.40237
3.9487,0.42695,0.40221,0.38404,0.37253,0.36763,0.36927,0.37596,0.3866,0.39722,0.40291
3.9549,0.42616,0.40112,0.38288,0.37159,0.36717,0.36954,0.37706,0.38829,0.39874,0.4031
3.9612,0.42537,0.40002,0.38172,0.37068,0.36678,0.36991,0.37825,0.39,0.40009,0.4029
3.9675,0.42456,0.3989,0.38058,0.36981,0.36646,0.37037,0.37956,0.39173,0.40125,0.40232
3.9737,0.42373,0.39778,0.37944,0.36896,0.36621,0.37093,0.38095,0.39343,0.40217,0.40135
3.98,0.4229,0.39666,0.37832,0.36816,0.36604,0.37158,0.3824,0.39508,0.40282,0.40003
3.9862,0.42205,0.39552,0.37721,0.36742,0.36593,0.37232,0.38393,0.39666,0.40315,0.39842
3.9925,0.42118,0.39439,0.37612,0.36672,0.36591,0.37315,0.3855,0.39814,0.40317,0.39658
3.9987,0.42031,0.39325,0.37504,0.36606,0.36596,0.37408,0.38711,0.39949,0.40286,0.39461
4.005,0.41943,0.3921,0.37399,0.36545,0.36608,0.3751,0.38874,0.40067,0.40222,0.3926
4.0113,0.41853,0.39096,0.37295,0.36488,0.36629,0.37619,0.39038,0.40166,0.40129,0.39062
4.0175,0.41762,0.38982,0.37193,0.36435,0.36657,0.37737,0.39201,0.40243,0.40009,0.38874
4.0238,0.41671,0.38867,0.37094,0.36388,0.36693,0.37863,0.39362,0.40296,0.39867,0.38701
4.03,0.41578,0.38753,0.36998,0.36346,0.36737,0.37995,0.39517,0.40324,0.3971,0.38544
4.0363,0.41485,0.38639,0.36904,0.36312,0.36789,0.38134,0.39666,0.40325,0.39544,0.38404
4.0426,0.4139,0.38526,0.36812,0.36284,0.36849,0.38278,0.39805,0.40299,0.39376,0.38279
4.0488,0.41295,0.38413,0.36723,0.3626,0.36921,0.38426,0.39932,0.40248,0.39212,0.38168
4.0551,0.412,0.38301,0.36638,0.36243,0.36999,0.38578,0.40046,0.40174,0.39054,0.38069
4.0613,0.41103,0.38189,0.36556,0.36231,0.37084,0.38733,0.40144,0.40079,0.38905,0.37979
4.0676,0.41006,0.38078,0.36476,0.36224,0.37176,0.38889,0.40224,0.39967,0.38768,0.37896
4.0738,0.40908,0.37968,0.364,0.36223,0.37274,0.39046,0.40286,0.39843,0.38641,0.37819
4.0801,0.4081,0.37859,0.36327,0.36228,0.37379,0.39201,0.40327,0.39711,0.38524,0.37748
4.0864,0.40711,0.3775,0.36257,0.36239,0.37492,0.39354,0.40346,0.39575,0.38416,0.37681
4.0926,0.40612,0.37643,0.36191,0.36257,0.37612,0.39501,0.40345,0.39439,0.38315,0.37619
4.0989,0.40513,0.37537,0.36129,0.36281,0.37736,0.39643,0.40324,0.39306,0.38221,0.37562
4.1051,0.40413,0.37433,0.3607,0.36311,0.37865,0.39778,0.40283,0.39178,0.38131,0.37512
4.1114,0.40313,0.3733,0.36016,0.36347,0.38001,0.39904,0.40226,0.39057,0.38044,0.37468
4.1176,0.40213,0.37228,0.35965,0.3639,0.38139,0.40019,0.40154,0.38941,0.3796,0.37434
4.1239,0.40112,0.37128,0.35919,0.36439,0.38282,0.40121,0.40069,0.38832,0.37879,0.37412
4.1302,0.40011,0.37029,0.35878,0.36497,0.38428,0.40211,0.39975,0.38728,0.378,0.37402
4.1364,0.3991,0.36932,0.35841,0.36561,0.38576,0.40286,0.39874,0.38628,0.37724,0.37403
4.1427,0.3981,0.36836,0.35808,0.36633,0.38726,0.40346,0.39769,0.38532,0.37651,0.37417
4.1489,0.39709,0.36743,0.35779,0.36708,0.38876,0.40389,0.39663,0.38437,0.37586,0.37448
4.1552,0.39608,0.36652,0.35754,0.36791,0.39026,0.40417,0.39557,0.38343,0.37526,0.37492
4.1615,0.39507,0.36562,0.35733,0.36877,0.39175,0.40429,0.39453,0.3825,0.37474,0.37551
4.1677,0.39406,0.36475,0.35717,0.36969,0.39321,0.40426,0.39351,0.38157,0.37429,0.37625
4.174,0.39305,0.36389,0.35704,0.37068,0.39465,0.40408,0.39251,0.38065,0.37393,0.37715
4.1802,0.39205,0.36305,0.35697,0.37172,0.39603,0.40379,0.39154,0.37974,0.37367,0.37824
4.1865,0.39105,0.36223,0.35693,0.3728,0.39737,0.40336,0.39059,0.37884,0.37352,0.37951
4.1927,0.39005,0.36144,0.35695,0.37393,0.39864,0.40284,0.38964,0.37798,0.37348,0.38094
4.199,0.38905,0.36066,0.35701,0.37511,0.39984,0.40224,0.38871,0.37714,0.37358,0.38244
4.2053,0.38805,0.35991,0.35712,0.37635,0.40095,0.40155,0.38776,0.37633,0.3738,0.38408
4.2115,0.38706,0.35918,0.35727,0.37761,0.40197,0.40082,0.38681,0.37558,0.37416,0.38582
4.2178,0.38608,0.35848,0.35748,0.37891,0.40288,0.40005,0.38584,0.37489,0.37466,0.38764
4.224,0.38509,0.35781,0.35773,0.38025,0.40367,0.39925,0.38487,0.37427,0.3753,0.38953
4.2303,0.38412,0.35717,0.35802,0.38162,0.40436,0.39844,0.38388,0.37373,0.37608,0.39143
4.2365,0.38314,0.35654,0.35836,0.38301,0.40495,0.39761,0.38289,0.37327,0.37701,0.39333
4.2428,0.38218,0.35595,0.35875,0.38442,0.40542,0.39678,0.3819,0.3729,0.37809,0.39518
4.2491,0.38121,0.35539,0.35919,0.38584,0.40579,0.39594,0.38091,0.37264,0.37937,0.39694
4.2553,0.38026,0.35483,0.35967,0.38728,0.40604,0.39509,0.37994,0.37252,0.38072,0.39858
4.2616,0.37931,0.35431,0.36022,0.38872,0.40615,0.39422,0.37898,0.3725,0.38217,0.40003
4.2678,0.37837,0.35381,0.3608,0.39016,0.40616,0.39334,0.37805,0.37259,0.38375,0.40126
4.2741,0.37743,0.35335,0.36144,0.39159,0.40606,0.39244,0.37714,0.37278,0.38541,0.40221
4.2804,0.3765,0.35291,0.36213,0.39301,0.4059,0.39152,0.37627,0.37309,0.38713,0.40285
4.2866,0.37558,0.3525,0.36285,0.39441,0.40566,0.39056,0.37545,0.37351,0.38891,0.40313
4.2929,0.37467,0.35212,0.36361,0.39578,0.40531,0.3896,0.37468,0.37405,0.39071,0.40304
4.2991,0.37376,0.35176,0.36441,0.39712,0.40491,0.38861,0.37396,0.37471,0.39252,0.40255
4.3054,0.37287,0.35143,0.36526,0.39842,0.40446,0.3876,0.3733,0.37549,0.39429,0.40169
4.3116,0.37198,0.35113,0.36615,0.39967,0.40397,0.38657,0.37272,0.37641,0.39601,0.40046
4.3179,0.3711,0.35085,0.36709,0.40086,0.40343,0.38553,0.37224,0.37744,0.39763,0.39892
4.3242,0.37023,0.35061,0.36806,0.402,0.40286,0.38448,0.37184,0.37862,0.39911,0.39713
4.3304,0.36937,0.35039,0.36906,0.40308,0.40224,0.38342,0.37152,0.37993,0.40041,0.39519
4.3367,0.36852,0.3502,0.37011,0.40409,0.4016,0.38237,0.37127,0.3813,0.4015,0.39318
4.3429,0.36767,0.35004,0.37119,0.40503,0.40092,0.38132,0.37113,0.38278,0.40233,0.39119
4.3492,0.36684,0.34992,0.37231,0.40589,0.40021,0.38028,0.37106,0.38434,0.40289,0.38928
4.3554,0.36602,0.34983,0.37345,0.40667,0.39948,0.37926,0.3711,0.38597,0.40314,0.3875
4.3617,0.36521,0.34977,0.37463,0.40735,0.39871,0.37826,0.37124,0.38764,0.40306,0.38589
4.368,0.36441,0.34975,0.37584,0.40795,0.39791,0.37729,0.37148,0.38934,0.40266,0.38444
4.3742,0.36361,0.34975,0.37708,0.40847,0.39709,0.37634,0.37184,0.39106,0.40194,0.38315
4.3805,0.36283,0.34979,0.37834,0.40889,0.39621,0.37542,0.3723,0.39276,0.40092,0.382
4.3867,0.36207,0.34985,0.37963,0.40926,0.39531,0.37455,0.37288,0.39444,0.39965,0.38098
4.393,0.36131,0.34996,0.38093,0.40954,0.39438,0.37373,0.37356,0.39605,0.39817,0.38005
4.3992,0.36057,0.35007,0.38226,0.40975,0.39343,0.37295,0.37436,0.39757,0.39656,0.37921
4.4055,0.35984,0.35021,0.3836,0.40987,0.39245,0.37224,0.37528,0.39896,0.39488,0.37842
4.4118,0.35911,0.35038,0.38495,0.40992,0.39143,0.37159,0.37638,0.40021,0.3932,0.3777
4.418,0.3584,0.35058,0.38631,0.40989,0.39039,0.37101,0.37749,0.40127,0.39157,0.37702
4.4243,0.3577,0.35081,0.38768,0.40982,0.38934,0.37049,0.37871,0.40213,0.39001,0.37638
4.4305,0.35702,0.35107,0.38906,0.40969,0.38827,0.37004,0.38003,0.40276,0.38857,0.3758
4.4368,0.35635,0.35136,0.39043,0.40948,0.38718,0.36965,0.38143,0.40313,0.38723,0.37527
4.4431,0.35569,0.35169,0.3918,0.40922,0.38609,0.36934,0.3829,0.40323,0.38601,0.37482
4.4493,0.35504,0.35204,0.39317,0.4089,0.38499,0.3691,0.38443,0.40307,0.38487,0.37445
4.4556,0.3544,0.35242,0.39452,0.40855,0.38388,0.36895,0.38601,0.40265,0.38383,0.3742
4.4618,0.35378,0.35284,0.39586,0.40814,0.38278,0.36889,0.38762,0.40198,0.38285,0.37407
4.4681,0.35317,0.35328,0.39718,0.4077,0.38168,0.36892,0.38926,0.40109,0.38193,0.37405
4.4743,0.35258,0.35375,0.39849,0.40722,0.38059,0.36905,0.3909,0.40002,0.38104,0.37415
4.4806,0.352,0.35426,0.39976,0.40669,0.37952,0.36927,0.39252,0.39882,0.38018,0.37442
4.4869,0.35143,0.35479,0.40101,0.40613,0.37847,0.36958,0.39411,0.39752,0.37934,0.37482
4.4931,0.35088,0.35535,0.40223,0.40552,0.37743,0.36998,0.39565,0.39618,0.37853,0.37536
4.4994,0.35033,0.35594,0.40341,0.40487,0.37641,0.37048,0.39711,0.39482,0.37774,0.37606
4.5056,0.3498,0.35657,0.40455,0.40417,0.37543,0.37107,0.39848,0.39349,0.37698,0.37692
4.5119,0.34928,0.35722,0.40566,0.40344,0.37447,0.37176,0.39972,0.3922,0.37628,0.37796
4.5181,0.34878,0.35789,0.40671,0.40266,0.37355,0.37254,0.40082,0.39096,0.37563,0.37919
4.5244,0.3483,0.3586,0.40772,0.40186,0.37267,0.37342,0.40176,0.38979,0.37505,0.38058
4.5307,0.34783,0.35933,0.40866,0.40102,0.37182,0.37441,0.40252,0.38869,0.37455,0.38205
4.5369,0.34737,0.3601,0.40957,0.40015,0.37102,0.37549,0.40308,0.38763,0.37413,0.38366
4.5432,0.34693,0.3609,0.41043,0.39924,0.37026,0.37663,0.40344,0.38662,0.3738,0.38537
4.5494,0.3465,0.36173,0.41122,0.3983,0.36956,0.37785,0.40359,0.38564,0.37357,0.38717
4.5557,0.34609,0.36258,0.41196,0.39734,0.36892,0.37915,0.40352,0.3847,0.37344,0.38904
4.562,0.34568,0.36345,0.41263,0.39634,0.36833,0.38053,0.40327,0.38376,0.37345,0.39094
4.5682,0.34529,0.36435,0.41324,0.39532,0.36782,0.38194,0.40282,0.38282,0.37357,0.39285
4.5745,0.34492,0.36527,0.41381,0.39427,0.36736,0.38341,0.40221,0.38189,0.37384,0.39471
4.5807,0.34456,0.36622,0.41433,0.3932,0.36698,0.38492,0.40145,0.38096,0.37424,0.39651
4.587,0.34421,0.36719,0.41478,0.39212,0.36668,0.38646,0.40058,0.38004,0.37479,0.39818
4.5932,0.34388,0.36819,0.41518,0.39101,0.36642,0.38802,0.39961,0.37914,0.37548,0.39969
4.5995,0.34357,0.3692,0.41552,0.38989,0.36623,0.38959,0.39859,0.37827,0.37632,0.40099
4.6058,0.34328,0.37024,0.4158,0.38877,0.36611,0.39115,0.39754,0.37742,0.37729,0.40202
4.612,0.34299,0.37131,0.41603,0.38763,0.36606,0.39268,0.39647,0.3766,0.3784,0.40274
4.6183,0.34272,0.37239,0.4162,0.38649,0.36608,0.39418,0.39541,0.37583,0.37972,0.40312
4.6245,0.34246,0.37349,0.41631,0.38534,0.36619,0.39564,0.39437,0.37511,0.38109,0.40313
4.6308,0.34223,0.37461,0.41637,0.3842,0.36637,0.39702,0.39335,0.37447,0.38259,0.40275
4.637,0.342,0.37575,0.41639,0.38306,0.36663,0.39833,0.39236,0.37389,0.3842,0.40198
4.6433,0.34178,0.37691,0.41635,0.38192,0.36697,0.39955,0.39139,0.3734,0.38588,0.40083
4.6496,0.34158,0.37807,0.41626,0.38079,0.3674,0.40065,0.39043,0.373,0.38763,0.39936
4.6558,0.3414,0.37926,0.41613,0.37967,0.3679,0.40163,0.38949,0.37272,0.38942,0.39763
4.6621,0.34122,0.38046,0.41594,0.37856,0.36848,0.40248,0.38855,0.37254,0.39124,0.39572
4.6683,0.34106,0.38167,0.41572,0.37747,0.36916,0.40317,0.38761,0.37247,0.39304,0.39372
4.6746,0.34092,0.3829,0.41544,0.3764,0.36992,0.40372,0.38664,0.37253,0.3948,0.39172
4.6809,0.34079,0.38413,0.41512,0.37536,0.37077,0.4041,0.38567,0.37267,0.39649,0.38978
4.6871,0.34067,0.38537,0.41475,0.37434,0.37169,0.40432,0.38469,0.37292,0.39807,0.38797
4.6934,0.34057,0.38662,0.41435,0.37334,0.37266,0.40438,0.3837,0.37335,0.3995,0.38632
4.6996,0.34049,0.38788,0.4139,0.37237,0.37369,0.4043,0.38271,0.37389,0.40074,0.38484
4.7059,0.34042,0.38914,0.41341,0.37143,0.37481,0.40407,0.38171,0.37453,0.40177,0.38352
4.7121,0.34037,0.39041,0.41286,0.37053,0.37599,0.40371,0.38072,0.37533,0.40253,0.38234
4.7184,0.34035,0.39168,0.41227,0.36966,0.37722,0.40324,0.37974,0.3762,0.40299,0.38128
4.7247,0.34033,0.39295,0.41165,0.36882,0.3785,0.40268,0.37879,0.37719,0.40314,0.38033
4.7309,0.34033,0.39421,0.41099,0.36803,0.37984,0.40203,0.37786,0.3783,0.40296,0.37946
4.7372,0.34034,0.39548,0.41028,0.36729,0.38122,0.40132,0.37695,0.37952,0.40246,0.37866
4.7434,0.34036,0.39674,0.40956,0.36659,0.38264,0.40056,0.37609,0.38084,0.40164,0.37791
4.7497,0.34041,0.39799,0.40879,0.36594,0.38409,0.39978,0.37529,0.38227,0.40054,0.37721
4.7559,0.34046,0.39924,0.40798,0.36534,0.38557,0.39897,0.37454,0.38381,0.39921,0.37656
4.7622,0.34052,0.40047,0.40714,0.36478,0.38706,0.39816,0.37386,0.38541,0.3977,0.37596
4.7685,0.3406,0.4017,0.40626,0.36426,0.38856,0.39734,0.37322,0.38707,0.39607,0.37541
4.7747,0.34069,0.40291,0.40537,0.3638,0.39006,0.39652,0.37265,0.38877,0.39441,0.37494
4.781,0.3408,0.4041,0.40444,0.36341,0.39155,0.39569,0.37216,0.39049,0.39274,0.37454
4.7872,0.34093,0.40528,0.40347,0.36308,0.39301,0.39484,0.37174,0.39221,0.39113,0.37425
4.7935,0.34107,0.40645,0.40248,0.3628,0.39446,0.39399,0.37142,0.3939,0.3896,0.37408
4.7997,0.34123,0.40759,0.40147,0.36257,0.39585,0.39312,0.37118,0.39553,0.38818,0.37403
4.806,0.3414,0.40871,0.40043,0.3624,0.3972,0.39221,0.37105,0.39709,0.38686,0.3741
4.8123,0.3416,0.40981,0.39938,0.36228,0.39848,0.39129,0.37101,0.39854,0.38565,0.37432
4.8185,0.3418,0.41089,0.3983,0.36221,0.3997,0.39033,0.37107,0.39985,0.38454,0.37468
4.8248,0.34203,0.41193,0.39721,0.36221,0.40084,0.38936,0.37124,0.40099,0.38351,0.37519
4.831,0.34227,0.41295,0.3961,0.36227,0.40189,0.38836,0.37152,0.40193,0.38254,0.37585
4.8373,0.34251,0.41394,0.39497,0.36239,0.40284,0.38735,0.37191,0.40265,0.38162,0.37667
4.8436,0.34278,0.4149,0.39384,0.36258,0.40368,0.38632,0.37241,0.40312,0.38074,0.37765
4.8498,0.34306,0.41582,0.39269,0.36282,0.40441,0.38528,0.37301,0.40333,0.3799,0.37885
4.8561,0.34338,0.41671,0.39153,0.36314,0.40502,0.38422,0.37374,0.40327,0.37907,0.3802
4.8623,0.34373,0.41757,0.39037,0.36351,0.40551,0.38317,0.37464,0.40294,0.37827,0.38163
4.8686,0.34409,0.4184,0.3892,0.36395,0.40589,0.38211,0.37562,0.40236,0.37749,0.3832
4.8748,0.34444,0.41919,0.38803,0.36449,0.40614,0.38106,0.37668,0.40156,0.37675,0.3849
4.8811,0.34479,0.41992,0.38686,0.36508,0.40625,0.38003,0.37782,0.40056,0.37605,0.38668
4.8874,0.34515,0.42063,0.38569,0.36573,0.40626,0.37901,0.37907,0.3994,0.3754,0.38853
4.8936,0.34551,0.42131,0.38452,0.36645,0.40618,0.37801,0.38042,0.39812,0.37483,0.39042
4.8999,0.34589,0.42194,0.38336,0.36723,0.406,0.37704,0.38182,0.39677,0.37434,0.39232
4.9061,0.34629,0.42254,0.38221,0.36805,0.40577,0.37612,0.3833,0.3954,0.37394,0.3942
4.9124,0.3467,0.42308,0.38105,0.36892,0.40545,0.37522,0.38485,0.39404,0.37363,0.39602
4.9186,0.34714,0.42359,0.37992,0.36985,0.40506,0.37437,0.38644,0.39272,0.37344,0.39773
4.9249,0.34759,0.42405,0.37879,0.37085,0.40461,0.37358,0.38806,0.39146,0.37336,0.39929
4.9312,0.34806,0.42448,0.37768,0.3719,0.40411,0.37282,0.38969,0.39027,0.37343,0.40064
4.9374,0.34854,0.42487,0.37657,0.37298,0.40359,0.37211,0.39133,0.38914,0.37362,0.40175
4.9437,0.34903,0.42523,0.37549,0.37412,0.40302,0.37146,0.39295,0.38807,0.37394,0.40256
4.9499,0.34954,0.42554,0.37442,0.37531,0.40242,0.37088,0.39452,0.38706,0.37439,0.40303
4.9562,0.35005,0.4258,0.37338,0.37655,0.40178,0.37037,0.39604,0.38608,0.37499,0.40314
4.9625,0.35057,0.42601,0.37235,0.37781,0.40111,0.36993,0.39748,0.38514,0.37572,0.40286
4.9687,0.35112,0.42619,0.37135,0.37912,0.40041,0.36956,0.39882,0.3842,0.37659,0.4022
4.975,0.35168,0.42632,0.37037,0.38046,0.39968,0.36928,0.40003,0.38328,0.37761,0.40115
4.9812,0.35225,0.42641,0.36942,0.38183,0.39892,0.36909,0.40109,0.38236,0.37881,0.39976
4.9875,0.35283,0.42647,0.36849,0.38323,0.39813,0.36898,0.40198,0.38144,0.38012,0.39809
4.9937,0.35344,0.4265,0.36759,0.38464,0.39729,0.36895,0.40269,0.38053,0.38155,0.39622
5,0.35405,0.42649,0.36672,0.38607,0.39643,0.36902,0.40321,0.37963,0.38307,0.39424
